feature_1,feature_2,feature_3,feature_4,feature_5,label
-2.8184286659420015,-0.467632275321884,-1.5001358762596286,-3.3993061748019415,-1.6323507070085785,1
-1.6046927473506691,2.0330233071930333,-0.6530587556110043,2.7740227740710526,-2.0074807967407464,3
-3.65224267735349,2.9669566453448164,-1.4553754255006615,2.449433515947262,-1.0789741602690066,3
1.2250371759360152,-0.6319057631851019,3.966916962508254,-2.039144026968342,3.2497104201843188,2
-0.33626716785652655,-1.6947568734686471,-1.4126083001939878,-0.58581271166891,-1.5526060629310243,1
1.779030400466777,2.614166700043425,2.757507710047305,1.4694988523894725,1.4241817593553199,0
-1.6191735816547461,3.3427218613511855,-1.7348360772534126,1.3510014795268424,-1.116393214005831,3
-2.6083507646793374,-1.4074696926822385,-1.5903638813160064,-1.643027240733074,-1.9187215779438012,1
1.8505443068350111,-3.430831201624672,1.5234461985664753,-2.298820089029204,1.641755622092492,2
3.9002684243109647,-0.9769434447477607,3.643541509120529,-1.6088721230672738,3.167509822986446,2
1.2515134634434464,3.551151975522523,2.1156746342928585,3.1792971840638264,2.067518481410109,0
1.8840029276784664,-0.1021127073412944,1.886187461586242,-0.9147777363383685,2.0385551687843178,2
2.7290636450023644,-1.6488345323729159,2.3416602319526265,-2.2713149780682973,0.7834191958642904,2
-2.2788833941507565,-1.1548420288156784,-2.0488971834741054,-3.405189846803575,-2.0524044505774697,1
-1.633393752986195,1.2042823364793884,-0.2535093684053784,3.027151035893151,-1.1916404503342917,3
-2.4776455826040054,-3.255135371973395,-2.12765468151819,-2.56060763684731,-4.929448690002268,1
-1.4431252776318544,3.8640485304117584,-4.141430880319705,1.300399191297636,-2.2093756133119133,3
0.34365405281262484,-1.1292533554115969,-1.05118690352838,-1.8693099755356177,-2.141525753366948,1
-1.0023679230797555,-2.2867942357382693,-1.240485112513892,-2.2917586322585373,-2.0598261435299037,1
-2.318748315246133,-3.0298118485418453,-2.1233440640461105,-1.690952556967346,-2.6556877194614437,1
-2.161767281165669,2.330867028406351,-1.250233371510815,2.609238830889753,-2.331864861821979,3
2.5646059258936003,0.9803356613078844,1.976447849125762,1.8256457420971641,2.2253079220409417,0
3.328166053957333,-2.504298015812623,1.3921761073843757,-3.765387587029974,3.7409414865969906,2
2.819739717258095,-2.195472643585974,2.297227221585086,-0.3327431582504661,-0.12399281812563556,2
-0.8344051048558718,1.9411671458684778,-2.2209317249396126,2.1911242338363923,-3.149707472897406,3
-1.3581058771413619,0.9703037603669395,-2.4840171236220847,1.9959271628785649,-2.0412596526500604,3
3.0971527117536954,1.521162543991596,1.1372242359568794,2.693478911913994,1.6079873600808705,0
2.271495310825648,2.5514762752395233,2.3405892164004967,2.390695920928144,0.673527871688917,0
0.9957094365057468,-3.181981996068219,2.995973678846446,-2.6982618487513923,2.1241756847446136,2
-0.7205350683422489,-0.9582753359411487,-1.4164556969881124,-2.1295172468634407,-1.420142714704868,1
-2.7066691040731405,2.7195994976248916,-2.070223620574626,1.7128904951376571,-1.5647884717103977,3
1.7781117287077313,-3.3497730693812313,3.7681692930597834,-1.680034808854837,0.5930565994868306,2
-2.3975577654917215,-0.7623462424880019,-1.6202323639591039,-2.9680457585102453,-2.3103077053849037,1
1.87346742025294,-2.910324341928284,2.6951652483301407,-2.37563366071734,0.6951831095670506,2
-1.5335554031597387,2.079047802150279,-2.2881560305111175,2.183012928311482,-2.991527041104632,3
-1.9683780260897523,2.2716835845000305,-0.40920425782874736,2.120634760893454,-0.9559748705576203,3
3.732514999485092,4.231300146192632,2.638051101440757,2.500844474944457,0.19894226584726105,0
1.702436496640008,3.3757068133116195,1.8499444129674734,2.1255764534715422,1.8269281757161304,0
2.586693801475275,1.5250963433774756,2.871297297457244,0.6540203197532515,2.1263795795464118,0
2.0339027236823375,-3.19040773567449,2.925975100714617,-2.091075860353027,1.8224040052412611,2
3.4412732890661157,0.5641378488205606,3.1631637521549596,2.010233061019587,1.018491348952049,0
2.9641558841719786,-2.305444702441682,0.27081711049657975,-0.047082617510489255,1.9389024919941318,2
-1.2939210861848685,-2.2426812768120334,-3.0263692076658923,-0.7699994272808499,-2.964705425750715,1
0.2367633010965149,-1.2179726124258723,1.0883826978460975,-2.0199183962997314,1.752119880921337,2
3.2434057971871617,-0.771969790391865,1.665197012555498,-3.793921113191963,1.4332948919449473,2
2.0715662372193924,1.5223425532348833,2.478979825746392,2.3336621052869484,3.037539944257899,0
2.987334516589102,1.9240489763574773,1.680152476745156,2.1517579922487404,1.164857098369977,0
-2.7613552698089405,-2.8782632528234666,-1.900113045590787,-1.519255420232016,-0.5032895925540186,1
2.301960900171765,-2.547407522766873,3.8686032191630026,-1.9651924595001677,1.1978005919648207,2
-2.75134546960337,3.5200917409911012,-1.8688806753248532,2.8848425828011584,0.05124694326946333,3
1.0767667538890957,0.6483153943836664,1.0241267470226671,3.0536417966078395,1.0506011111680569,0
-1.1555441279283343,3.101737861786209,-1.5080065131635039,0.39374321159804193,-1.6050420296766927,3
0.1699365880805428,-3.423682636883923,-3.8518427315746586,-1.2164103352013933,-2.6786430612941032,1
-1.3975265637176366,3.0400578907933893,-3.018869957066735,1.7722290208763654,-2.940015932123754,3
0.6791216446226824,-1.2285982050962334,2.0011099446872933,-3.5444338482482443,2.4928839718518696,2
-2.9134585796322225,2.307039237251822,-2.0512358355321916,2.6255845936750006,-2.2232715884333096,3
0.6358940061816416,-2.5318777502893286,2.5009173290858575,-2.982324272276776,3.6053559623618066,2
2.850897962167972,1.8626282116006034,2.3904648499288896,1.8967782470675039,2.2653623493996284,0
-1.8113689184320199,3.6080672471727286,-3.0356040560453943,2.8810588920574336,-1.952701256871272,3
2.1165785120124636,-0.9284840644189614,0.4934659698096009,-3.9655558914765052,1.4128847293798525,2
1.708188731084456,0.43680919130334295,2.883109777147159,1.922162802987198,1.8195200864093743,0
2.8220660780325275,-1.127846894315945,2.324036442706533,-1.1758971031442942,1.835850587278226,2
2.5637878750069145,-2.5913947298380475,3.555198534147342,-3.114532315008062,0.26079484782719997,2
-1.796764045413969,-2.4576332493376154,-1.814311419581261,-0.4908689865954494,-1.394393767368687,1
3.0599363840466216,2.6170059495766975,2.6835693232004774,0.6340442887994657,3.2119439853864007,0
2.484732817294475,1.1536433450091264,1.356450167682538,3.029960817581161,1.665224667893459,0
-2.5525693461188523,0.12699416906937944,0.04448155719994418,1.0027717125612239,-3.0590371220120973,3
1.5713454730834666,-0.9705594440729595,1.6631048732148614,-2.8464343014589786,2.9256722095027214,2
0.35861988439790315,-1.9877764515848306,0.8033344077156042,-2.265560512518541,3.370101853610371,2
-2.7634653033091117,2.383455014854216,-2.9910911353316134,3.3297943652050757,-3.6755804496240945,3
1.9861622539057628,1.3102722259358262,1.506877177600228,3.443632003468814,0.7434931057207437,0
1.6737662955586403,-3.3453354874152414,1.7188359575354428,-1.4946628523526515,2.5278393499155873,2
4.190455625809978,1.0094636748693118,1.433702270397228,2.099651365087641,1.4965243458838007,0
1.0806154084135766,-0.5302875227463297,1.7139957781198891,3.100959634998571,3.958347454220594,0
1.8687430329076953,2.0768518829587683,1.7751440181919214,1.3499974191765403,2.1686546719667277,0
-2.483561483846537,-2.6121669171548207,-1.5087923345880037,-2.358029379746986,-2.1393972006632342,1
3.156006669451127,-2.608493903731202,0.9921320867778698,-1.7462627032251667,0.2069236020876104,2
3.9389289990582848,0.9996686753944253,1.3222550294751485,2.513907849658915,2.179581781939598,0
-2.1435815887121343,2.418514559157055,-2.4966510521282466,2.9230448272267617,-1.593905981151333,3
-0.7994683415261274,-1.859640130151953,-3.9670697035871525,-3.1171864617070026,-2.1858457521927472,1
-2.7847619081277033,-2.370508098590029,-3.4055670191786422,-1.984381666050397,-1.097722826213353,1
2.220583537737361,-3.270951721092283,1.6214202567868459,-1.1013308396608257,2.037696573123923,2
-1.7747433180164005,2.629360633428892,-2.299069085230055,2.679293819982349,-2.710136606837382,3
1.7842128736717804,-3.177761457991358,3.4697842587874956,-2.622270222893996,0.15973361520443152,2
-0.6988979369759072,0.001655032855373939,-2.705316723915848,2.49576557301551,-1.3556115464618177,3
-0.9940754882035834,-3.1274960989530385,-0.8720910067464309,-1.8455063344047489,-2.336552589878173,1
2.8836599374866725,2.6523228784134196,0.4236078430157506,3.4765403497258958,3.3800913541474515,0
1.1874542298780142,0.10529742945831222,2.0348879470894086,-3.3755108895687425,3.368079350488601,2
0.5151020315500965,-0.5539211349019548,2.9343199112392737,0.6331213015845789,1.7752345981073165,0
-2.341092932141608,3.0219631550600035,-1.2668206825774422,3.378142680497613,-2.9906232233772574,3
-0.25513859337650646,4.404837542253973,-1.7827920624715992,1.5352327760882722,-3.1772264174512106,3
1.8230527725059507,1.2017027554615463,0.6206807719854728,1.269069960058081,1.966873027126203,0
2.9261775475316414,3.9094166404701305,0.6014324261808588,2.562969236690571,1.349357430878173,0
2.2912027551380323,-2.363573294915029,1.8159676008009973,-4.487822057562331,1.7782185962838646,2
0.32883022750593494,0.035873535181792704,2.4689780781484676,-2.491956904869483,3.3280568889869677,2
-2.333047620975522,1.7241042785598262,-3.2244022070472718,2.5665409870816562,-2.6484692000191377,3
-3.3892987302109905,-2.1956985311469013,-0.9399102600913345,-2.051522928524646,-1.496909631376253,1
-0.06484595993977083,-1.1844989775557373,-2.0480885073307724,-2.1831504710532945,-2.3566731341798715,1
2.143426566857493,-1.128475613912066,0.7488008633663221,-3.5325182768296637,3.5794378916948597,2
1.8529426184978615,1.1745028032074885,1.6786141583470067,2.412931454275624,1.4362754471960253,0
3.399355436586002,2.924633682912769,2.0596303699201743,1.353063222294426,2.69822331361359,0
-2.4177830125136186,0.9023890177242733,-2.3616281093725457,3.4355709931636236,-3.828405880841963,3
-2.6631645901261827,2.2078605010670804,-1.867402327973899,0.39678315338590386,-3.8148838294814063,3
2.9648516330974575,3.6155828235482317,0.765651128120078,1.4075357408471056,1.973594243041073,0
-0.5663749801790536,2.1914507159573526,-1.3378312460525004,0.501364502850788,-0.8057855169860082,3
-3.249564911924005,3.433633608817878,-3.8596630405497985,1.315187890261104,-2.0942690707649008,3
-0.7391504800006903,2.616663976471118,-1.912026452870831,1.5597253631491965,-2.528998414203127,3
-1.3484780086604942,-3.1376856704248164,-2.201491533947518,-2.006521315229458,-1.4012056104380899,1
4.779963624223556,-3.03799135498923,0.6462453252902414,-1.265523254998782,-0.07711985377387398,2
3.7873464144298254,-2.246335281179848,-0.3014717176699868,-2.820878922409687,1.5731958050647423,2
0.28939664556348577,-2.3930902007014616,0.4320117344397325,-3.492462270005993,0.998685345802033,2
-1.9963043281521526,-0.9885369645916438,-0.6585240844691189,-2.7424842325383842,-2.4853058353678685,1
-2.1464806707281614,3.0064110400265545,-3.057836618610234,2.2607668174830633,-2.578212098219754,3
-2.0330252637195607,1.4963497396244037,-2.172374957453662,2.7147317275177,-0.7221433449694861,3
0.16505606780660242,-0.8094514056564039,-1.7874259693677852,-0.9730137366802678,-0.894099575642691,1
-1.8942462087285197,-0.7362933223453314,-2.8463159774657356,-1.456520621329907,-1.8001895662812866,1
-1.5876440309140518,3.5761725277413783,-3.8582914882251074,1.4923058716102893,-4.126833487799265,3
2.4725974824130432,2.2560297343138758,2.982690983945514,3.6654744444625766,3.0143700650181304,0
1.6518426031826867,-2.074926556118448,1.6313806342143005,-1.1929535833933127,3.119687778553381,2
-0.2958944837445088,-0.7531082844652806,-2.062004009366032,-1.0485507229419135,-2.3665070203680516,1
-1.7906511426653111,1.954955881989076,-2.432659513396592,2.3924560184705204,-2.9261632634832084,3
0.9435029293747399,-0.9247784588180841,3.047276408559463,-1.1365627198101214,1.984436911129706,2
0.9974706353621912,1.98148686400761,1.7113413610798616,2.3227185603380893,1.172769056447677,0
-2.0913995575091144,-2.080878497865461,-1.9477415095025168,-3.060605066396601,-2.7170161491279363,1
-2.570640430200113,-1.1475313565670495,-3.229183597800416,-0.5478823008174396,-1.9858507350342418,1
-0.36420219386418506,-2.2210424635370507,-1.9306301973419306,-1.8074030812686948,0.39210963527399256,1
3.548639295024037,-1.6797834220511711,3.2212949456851483,-1.8660416194197647,1.904888352299234,2
-0.6950373112095811,2.606942608386638,-3.841919078931543,3.3048347633193296,-1.8648237586573309,3
1.6796149405632057,-3.7793989305072206,1.0600321708499334,-1.5233489591994425,3.715907631132694,2
0.7196956013291056,2.8724573282801447,2.650201177958661,1.900824136220617,3.846636996047666,0
-2.851180482447485,2.665334534508875,0.20960557604237762,1.2134279084421498,-1.6676276667760153,3
-1.2586801830920857,2.5354587474096335,-0.7909898010990029,0.2201248917918326,-0.9358292976589562,3
3.500274609000988,-1.9254904061732274,3.0256321138725824,0.6420119104926201,2.5980991550474664,2
1.692221765046999,2.219150327663939,2.2493836837107555,3.5774532797634744,1.904704467613048,0
2.5935567222808618,-0.9403886346642802,2.655900776529761,2.1947361947187747,1.9812912435541026,0
1.2782624466627466,2.176820872139398,1.4533199154127345,1.7283448896739468,3.673452090298537,0
-1.0432968136143415,-1.483053484251629,-2.221513262952124,-2.022300283718053,-2.6888855425754055,1
3.5307508323436974,3.218761851697317,1.786557129069792,3.4907261368499523,2.1486674572021114,0
1.7060330523358178,1.9284007481419332,0.48212625331919057,1.6429707991933906,2.890383163519786,0
-0.7384807474644841,-2.6671890847775055,-2.732968899123759,-0.9039300925226015,-1.5746786916698896,1
-3.5449373466767584,-2.5393050144632703,-1.613617346151939,-1.162235778453411,-2.6792306531929553,1
0.823355056099947,-1.0719093890089189,0.22951886222392193,-2.5781134587156433,1.741991463802391,2
0.5364850518678814,2.296120277064576,2.261055272179889,2.005113456642461,1.7654128666248532,0
2.696954404510736,1.66618051024399,3.1731246375866413,2.3696421921980937,1.8926978559957712,0
-2.630048431348341,1.265838133878986,-3.4464982035406875,1.5349240537989939,-0.9154994697090744,3
-4.068375715431032,2.0893952789316135,-2.442589292774156,2.0077278931756846,-1.0546882287641348,3
0.20985566574846404,2.3269945132700975,-2.835124503972235,3.6529130512304215,0.07777758519844458,3
-2.8455521763546137,0.3897368812081998,-1.246810050267451,0.9179822149580639,-2.338669053883758,3
2.9468075665118705,-1.9449970639666254,2.42243497290144,-2.466188611946223,1.6327960657882516,2
4.63238206483739,2.4933179008808892,2.1848361236948737,1.1416422198187863,2.7003098794089913,0
-3.029610971089401,2.2269319438002477,-3.718930412953847,3.046954534428209,-1.9533626334340342,3
0.9706284918179284,0.6473297141564656,0.4776408137821089,3.1126883749899252,1.3707366063072113,0
-2.245995338355701,2.446703610809144,-1.4129424654054645,2.0065486578045393,-1.4575760304678982,3
0.30753537028518063,3.529550319460614,1.8419921014210106,1.5731189300525799,0.9878956247398325,0
-1.6868678599868447,-1.3129342041410839,-0.5334591407213971,-3.111580249513551,-2.0358255787064627,1
1.5666104333138469,-0.24680519793441458,1.6348473868017868,-2.8404929855066916,2.6872384503952884,2
-2.3217527039902084,1.9675189641579054,-0.08731186564320437,0.6751542190672599,-0.01629586452124876,3
-2.8022718339345203,1.4953662577107654,-2.8031108339533146,1.268142691584114,0.7219121479064929,3
-0.6694250959609598,-3.1967886464263113,-1.1063023106108891,-1.1070461298912306,-0.1703797982839128,1
0.9461645046356544,-1.5721856048470968,0.2980977699816645,-2.561337996442206,1.6705106997820138,2
2.1846803058649082,0.6528737104703035,1.0283859614893485,3.2004139079444256,1.3431057210286044,0
1.928398740585936,1.9627777634901584,2.7276295436369797,2.0519458858072994,2.732640077215579,0
-1.1086560983947533,1.7956442733543516,-2.2904414820111496,2.4441451710872575,-1.1842455133479306,3
-0.144496685205737,-1.7757652554647083,-2.3464265060068996,-3.611567359102828,-2.2626595203161677,1
1.7186724428817866,2.066990717224872,2.5159392177040996,0.4374541431134573,1.4709473226537053,0
-3.269998597393876,-1.3311598694537818,-1.3280553921855025,-1.6157979279941035,-2.9944285217997924,1
-1.7936382286745494,-0.5378040612823631,-1.5513642354854726,-1.038012810928159,-2.237011970012628,1
1.7587423453814575,2.6725737012027313,3.8998819348952156,1.8673662536174265,1.0254706953293584,0
2.7818228717773104,0.763049289121918,0.6795433869157237,2.5219415656168978,2.2969846732331862,0
-2.4149162781203275,3.501952965188596,-0.5886431382543751,2.785345603010283,-2.3266137806612126,3
-1.6649456480878286,2.564789105907648,-2.2120896699204255,2.5422030069090487,-2.3378777754738067,3
-2.6135876053627944,-1.8037590593332795,-1.4542132864676445,-4.1715714047604475,-2.00811320161175,1
1.4303010370742686,-2.357827933441267,4.6378817522602,-1.6981266192789883,1.6136775245528245,2
0.9600940728744691,2.6127739050625696,0.9465844368263439,1.3762310393041948,3.914031353866786,0
-3.013895952292538,-1.914312838596641,-2.9254246260595873,-1.744616244325683,-2.8953463223630242,1
0.10032971914111877,-2.128263480483831,0.6166592230283896,-1.0982713028597262,2.7841464163534986,2
1.5497466122217285,-2.7560040194566047,2.2239268739466063,-3.946525286358864,0.8820723919632603,2
3.1876793884615635,1.535382702701607,2.2011596558728392,2.283287871546142,1.7410950262959226,0
-0.07648651239654547,1.0469595366351503,-0.9218746042052282,1.9137829019925472,-2.1296730520286005,3
1.9634100256570688,-1.3403500019176295,3.0901834710204468,-2.748096064621647,0.03267493577400549,2
-1.408331950306869,1.1422668233949804,-2.3847920236040707,2.5557421780428924,0.054092441435975136,3
1.7188745151119136,-1.4206532402432241,3.4120268785432497,-2.6281437391691784,2.0989337870288836,2
-3.5058324053306205,1.950089766958838,-2.589915396249933,2.3310389028172134,-2.80934668479488,3
-2.093636188739171,-0.6742033524578099,-3.28716356858425,-3.3971181851129915,-2.583599326346005,1
1.630389663956366,2.3771003939021864,1.9707371863150216,3.126050250772168,1.9486062764115137,0
1.2760352695322126,-2.644340267021984,-0.7391402061374728,-0.813854525957701,3.540323979819886,2
-0.5726713484052306,3.121689142387919,-1.7709051683536206,1.6768323342975153,-1.7311876435878457,3
2.5374787046064284,-2.5784597288763313,1.922505700107012,-2.0584301189974883,2.8264033173305245,2
1.8241455955679289,3.6614701657280184,2.020886488295962,2.2307009057186833,0.7398352348274198,0
0.7577534664507708,-3.125587114031969,0.9037796751314349,-2.067871381699482,2.4316316296375975,2
2.821902504375224,2.087047068238171,1.7009926495341325,2.0917607765355024,0.0124310853991072,0
3.8767958125580657,1.226210800896427,0.755345296688583,0.2212797510957214,3.4960443114891833,0
1.2960836745844555,-3.05470445496592,1.9327696928038687,-2.0825925753512906,2.7699687313352226,2
-1.6116879945765503,-0.7504950992938413,-3.3327773974796497,-2.349439327216956,-2.7725687487562407,1
3.6839276914578685,1.54111573713106,3.078680833431296,1.9614915304992928,1.8273727000591804,0
2.8983595683469856,-0.8752232800141875,1.4874112030214912,-1.3167875959989312,3.3902553275119898,2
-3.7210775209604696,1.6415964244871115,-3.224999888660051,3.176533253787765,-2.5837221335626013,3
2.625667347765006,1.1428424435837174,0.9291075019388877,2.482472415243185,1.7765372146741492,0
2.5796331732135758,2.3257963165821662,2.194384301577336,1.6468337071893115,2.3384838434616912,0
0.888542043062968,2.246504778432005,2.498221748496785,3.1401490385212663,3.5805406865683738,0
2.813205186747977,1.7210370696681916,1.7202398315041656,2.7903718960517114,2.3400512945688905,0
-3.040193719815898,-0.054804925723066944,-3.8210860692944966,-2.597667683254857,-1.629788110058259,1
0.9723248590740419,3.2657078408647005,1.1338251517854991,2.969457200526737,2.4271943618716847,0
0.9530890173180604,2.536652752527286,3.185704154662997,2.718953310665067,2.9960476858058165,0
1.7913316287795342,-2.312668445732357,2.857898825291343,-1.4464304689322067,1.7426999993822103,2
-1.0890555961605246,3.6129781705930544,-1.270763050689247,1.9168282280653806,-0.6226649704716583,3
-0.9360590124391439,-1.7474311540033765,-0.6154679524060938,-1.555801672709328,-0.8986770422642378,1
1.2742561868465345,2.1867667644770785,1.2446170676466775,1.3884821970080519,0.5933389031517777,0
-2.994856352467541,1.2401978680122248,-2.710015442891552,2.1299982258015953,-3.063036272853718,3
3.642672953255963,1.0993792653521313,2.638391925608383,1.6713815242510153,2.6031874310823433,0
4.3674143640271215,-2.3777648875224773,0.7090577805067759,-2.406974366373371,2.0140049673713807,2
0.06591225454042293,-1.9769193410495793,2.624903594654043,-1.806551425008204,3.309865169433534,2
3.071080500402805,-4.074486351016311,1.9779651359957295,-0.8781384952057478,1.813321037686555,2
0.9278609880143931,-0.9213504834946074,2.436559804157668,2.9039348410861954,-0.3629324355418384,0
-1.814824463170086,-1.5745551358158276,-1.7777101441991459,-0.7211341866866068,-2.952316380738797,1
-0.8960664532980929,-2.2562808242515726,-2.235916529312124,-2.406885244504375,-2.534756670844323,1
-1.416162918460941,1.5647518029948317,-3.4089607467920393,2.2750022982918106,-3.492102017145364,3
2.2634872153310597,2.294224129013494,1.765592199683678,1.2162343344136035,1.3094589476837406,0
-0.21113530900788513,2.235614558108566,2.7708651938869666,0.5214137542201585,3.143754043206929,0
3.0522111559570586,-1.902565889702697,1.7730575338620755,-1.5999999943864336,4.28879066088029,2
1.338974945372506,-2.5149387064332727,1.5433023849767538,-1.6610064861905802,2.456249488528533,2
-1.0044184859979701,-0.29682739008196224,-3.638029057436017,-3.786375465354687,-2.6220348055543816,1
2.3098947793806346,-3.273585548596599,1.585373099428137,-2.9951739598992373,2.5496831862902596,2
1.6306812298418112,-3.5794362987175985,1.1821081578614945,-1.608790672762606,2.5817817706283623,2
2.367365506816178,2.9135846262332494,1.1968210493196552,3.4926885689595215,1.7288763989574312,0
1.9679525058362866,-1.9664752976114124,-0.21759107935877076,-3.1681778278502,0.9031249206160139,2
1.4481418541075533,4.558199285668252,1.4357524013426115,2.184551303197037,3.5421099525678756,0
1.60638841796699,-1.6175666843074645,0.6878367988044822,-2.3971153315678526,1.9585282220008524,2
-0.8535591295992724,-2.9733788380270347,-0.9928666635268404,-1.6638550369737712,-2.227476259953408,1
-1.4847056783755326,-2.834281810034625,0.18409673338045618,-1.429492791645484,-2.580648302553951,1
0.9499452101768138,-2.9096897884083344,2.7595000375161223,-2.6167753615197076,0.6520042156328312,2
1.502038153182158,-2.51253411064655,1.1984724098954584,-2.3471864951122625,2.770802219987971,2
2.6696725488300386,2.3665982460968484,1.0601202136726449,1.4861330826633066,0.9407864781110484,0
2.967794469003426,-1.6010078424983045,3.050049041553427,-1.6753417644974817,2.1429906348092165,2
1.4612096954232892,-2.72021202100679,0.8743450321994151,-2.0412913617846615,0.5254973129517644,2
2.177701000933254,0.6646556412898987,2.3801978510059634,2.610585745283823,2.55979044793104,0
2.1058944531152344,2.584412980472484,3.9764405845154855,0.43575838828894864,3.617212574968624,0
1.6839271439729502,2.615771149771142,3.203884437168816,1.8605537243190005,1.5498107351485884,0
0.9266719677771045,-2.4288479256060733,2.4158368362860605,-1.3997870342557222,2.957932055215684,2
-3.098679373434385,2.0445696108892717,-1.3687756430282167,0.8487733424928559,-0.8950027981955855,3
0.668767046442222,0.16379462689670343,2.507991326912544,0.8966333938261264,-0.15289059295248286,0
-2.195434846522764,2.8364841379649413,-3.0677225770385452,1.2492796655071872,-1.2072889822663353,3
-1.553127499197302,-2.342549200857765,-1.8295362290034292,-2.9627325652846124,-2.2066112796960464,1
-2.0198736353683118,-2.1072647658109416,-0.779717103582283,-3.0766791274710137,-2.7625192391465982,1
-4.156445377005033,1.6287426293296061,-1.018850284429647,1.6130705534000527,-0.2620150148764797,3
1.893805909960247,1.0982994340712575,1.7418248619685657,-1.489875638749925,1.350635180386119,2
2.7769367029315166,-1.9695235860793712,1.102746993838743,-2.6529501558320807,1.4502106403619668,2
-1.6045790146119618,-2.957568955015212,-2.589332231427362,-2.4586386361010844,-1.1432975197574442,1
-3.406719432559558,1.9237609826794024,-0.5031197261491438,1.3889149375232823,-2.240724303989051,3
1.8782524916167165,3.513449743242131,2.6308116845547778,0.9758131756707951,3.854092566334188,0
0.9902692952900625,2.619154261005198,4.057495469711698,2.020793707675408,1.2719970587708656,0
-1.8187460516549496,1.6475462683622581,0.14829686378695905,1.9060964312869528,-0.8369990302946959,3
1.4449832984558906,-3.402369283423825,4.091094272732477,-2.0224360519805735,1.9420494582372825,2
1.6416598479787778,1.3524581943648408,2.7441919714999368,1.818775826781897,1.350626961678574,0
-2.912810919296513,-2.417430381989432,-1.6559460784365334,-1.651658260753873,-2.8978300664256293,1
3.5739867632900326,0.7742343369976588,0.5356251197901798,2.224451818559972,3.0470983026121545,0
-2.386022797870698,1.0842449588664396,-1.750390541790288,-0.44070401477508403,-2.184289001832712,3
-0.6068187420650941,-1.1606508857683977,-1.1271756489943654,-2.966156723370417,-2.079388424405703,1
1.7799819723403258,-2.12740687238996,2.1026455285396644,-2.29779615622396,2.6332253101150935,2
-2.2357112448566685,-2.9394632419859827,-0.8807550824359041,-2.294455757588034,-0.5472444548738169,1
-2.7146806769904317,-1.4787200949861856,-1.6783214586235,-1.8319401940331796,-2.9951484818533793,1
1.0272354832399992,-1.593377965777326,1.8273708657091654,-1.361322860119699,1.9364264608138786,2
-2.524662407066803,-1.5063451523568492,-0.7039369382186038,-3.1071568168024517,-2.365505936985266,1
3.465648768921554,1.7742236995134644,2.0675282046879238,0.5752518137865432,1.4556172754748173,0
1.4258993247164016,-1.4635861001086568,3.0338810549242083,-2.4074601072916018,2.907962313627049,2
2.8202983745089645,-2.950953383094472,2.6959321009408495,-2.5166141987601076,0.9767467766244156,2
1.92423571346454,2.6704806172412123,0.9281427669598445,0.44624123398393567,2.8178896580250288,0
2.4977883094177775,-1.4625879971796194,2.642301235011176,-3.6942558959950778,3.006606541032628,2
0.7561367646087149,1.3070948022040927,1.2815927344308027,2.8949243769444415,1.7050503217079722,0
-1.7043755112529049,-3.516642549420791,-0.5230655738817256,-3.1677795512679348,-1.7832244362373708,1
0.03364341062399823,4.056207129940322,0.8967916342783169,1.778746376414228,1.7231867001110794,0
-1.6380857292694735,1.202561882929901,-0.9254702097700689,2.225269722015047,-1.3932378497935927,3
2.324083969394795,1.6149177195836835,1.3230779996940414,2.6116762888408678,3.030999522495951,0
2.496714153011233,1.8617356988288154,2.6476885381006925,3.5230298564080256,1.765846625276664,0
-3.866700586803942,1.5754018339778575,-1.602362498223721,1.537263352003662,-2.3070483409251015,3
2.243134655138489,-2.4702033387853115,2.612332214002512,-2.9785883899886545,0.6184082815364189,2
-2.3004659487207038,-3.0056013756894657,-1.639835816054233,-2.5376457577798166,-1.3445961701497628,1
1.3433759292002954,-1.1260102489931176,2.0784392460836703,-1.8170055503547395,1.1657286569320346,2
-2.1165713464533287,2.21416894113175,-2.9766203158635562,2.160268857417577,-2.423833538206483,3
-0.9246565980431023,-1.7893315347968892,-1.7904657697372057,-3.0916251721591026,-1.7661519742104017,1
-2.3774234011303297,5.157771283044298,-1.0932127270676013,2.4131474759526226,-2.2332084982063938,3
2.755391225825756,2.5009171876243808,1.022444755201449,2.099332305429226,2.751387123371789,0
1.0510471722313217,-2.906902874722061,-0.3504558526243611,-0.3271317981014701,1.1360201509239216,2
-2.7956551338258073,3.399417926653883,-2.2365373833685354,0.6884508621013183,-1.811926643008227,3
-1.295493460175277,-1.210943312624481,-1.916173372070639,-0.5895408547964962,-1.5902372040405026,1
-0.9532872862242363,2.7735577062068133,-2.4957059465749,1.8733359726523366,-2.5511162400406286,3
2.3476764835383364,1.5127714358864477,1.3242919208383883,2.0341524174880248,0.9127540611371974,0
-3.2640061679473638,-1.5138152084380612,-3.9493717553224235,-4.0503574572842,-1.2608195052984321,1
-0.5535495960558983,-2.1683849224728524,1.673987504183151,-1.6096338056046244,1.8460947730253123,2
1.764726090027561,0.14582492507648848,0.4550640778465995,-3.9819644857387133,0.5008187980423018,2
-1.0865262679825936,-1.4623700970501203,-1.5718137521894238,-2.27999330187448,-3.279030736219786,1
-1.981747539143887,3.2304600477599754,-1.4725191669722695,2.4458388752292466,-3.722256933957519,3
1.2801557916052912,1.5393612290402126,3.0571222262189157,2.3436182895684614,0.23695984463726605,0
0.008473010981699503,0.5276459384892223,-1.2660495216357615,1.425398141816609,-2.335778617740422,3
3.201931669539543,-1.991211557367928,2.0578640474267567,-2.2655926332624112,2.6844504776364277,2
-0.8597494473287952,0.8197682657996299,-1.5812954217076316,1.9860267715239266,-2.3334862809696952,3
2.8371544863313845,-2.3211590387057024,0.4143742932304073,-0.8599321535048396,1.1629098663849604,2
2.240876757200408,-2.665693464893547,2.369016437825167,-1.8757143051491494,2.936056167936016,2
3.5512452664277294,-1.1177135074007842,1.23841213496378,-2.3060139543574087,2.1454272174057594,2
-3.269330496546699,-0.29748534187039444,-1.797671203577198,-0.3681431009108911,-2.733032995523989,1
0.05814134062059395,-2.0038041336707995,0.4098581693197021,-2.6646510975020625,1.0971910730372003,2
-2.391876765386866,-3.017764309076953,-3.027403551526011,-2.373268245941314,-1.3554815083547087,1
-1.8419107746768155,-2.2775442563155517,-0.7087261609841211,-1.5782199257491292,-0.689808091919103,1
-1.46370909048281,-4.196127821099946,-2.1621239754798585,-1.8569512301210476,-1.1503880114837868,1
3.6748596729140646,-2.274802304752688,-0.2012434734509183,-3.99888890686125,2.034029586346681,2
-1.6713559741951913,1.4261800860898812,-1.2168443439868253,1.431123024802631,-0.5913805065540807,3
0.28396675168931096,0.7107942990405327,1.9362547144960338,-2.877484022155632,0.5929128052159831,2
-3.0166831285764975,-2.2440804736742015,-2.039307287627631,-2.134496784401733,-1.6661400334314653,1
0.16423124382290988,-0.6113354798975179,2.142377912510466,-1.618647165419715,3.3655264625262657,2
-3.576996482190997,-2.8028244439508425,-2.073972863594378,-2.07566560432583,-0.027457823210191856,1
-1.6982999910982643,-1.8244637704214022,-3.8437935834807457,-2.8903178480198717,-2.0640777641487165,1
1.3744372984904705,2.395803533437409,2.494030186282739,2.260673765823907,1.4496948461545798,0
-1.0770224348595692,1.479369393437701,-3.597619729168456,3.4901375220998414,0.05451488940475979,3
-0.3784316598733284,-1.8073484673519753,2.3653942419251406,-2.0391621154427595,1.3454664290016902,2
1.338017822203391,2.425887206193036,2.019147777415752,1.3585130909556904,2.487872284871074,0
2.283053162258654,-2.339311187138159,1.9586627951908298,-1.9804003834223718,1.197569960135163,2
1.2512002039799461,-1.583198425516886,3.1671207880032974,-2.023050556085466,3.2785751679393744,2
-2.4628562857143796,2.3128222367668463,-1.4262328900980992,3.397844307031498,-0.8088269550599043,3
-0.04951451618832525,-1.6264663165882314,3.455434483915325,-2.591018455733432,2.440059929023145,2
1.5365823071875377,1.534270246429743,2.241962271566034,0.08671975534220211,0.27508216748696723,0
-2.6769951384585315,-2.7726594452708238,-1.1698081881373898,-1.0996014116049364,-1.548774680681492,1
-3.8156489758788172,1.4859111956321023,-1.1023442283502565,3.2561974394136826,-0.8122866158615449,3
2.568273377152784,-0.9136192887941621,2.333369851260878,-4.492810499395354,1.5008610485296343,2
-1.5064397956657083,-1.7091029424099942,-3.9955317804517385,-3.1212437400943918,-1.0705900152091845,1
-3.088693410476342,2.5614726298261328,-1.4371455195428693,1.862258939612073,-1.219798278813925,3
-2.976945739381882,0.2993727503486221,-2.734743213472709,1.805508515135224,-1.3341221762936097,3
-2.3542063885087883,1.4075345446194856,-1.6729276251221548,1.4179386659069877,-1.6009558593534738,3
-3.197966429217262,-1.112920223553713,-1.7132258876174138,-2.1472052786855973,-1.4351576413998774,1
0.9820885095228409,-2.8221656066894067,0.7123947163469388,-2.900448461378027,3.419455680797839,2
2.363631882624968,2.8868873900973004,1.5792382063189467,-0.6042138566271342,2.1989481467964946,0
2.32674476460232,2.3004743596108286,2.622207144043402,0.8611668822192309,3.0391117874202687,0
-1.5263679231885456,-2.9263811299815385,-1.4444873536577516,-2.9186865114860945,-2.4173668136050845,1
-0.21820109122894005,-3.656623207677774,-2.524448136262652,-2.735303460681952,-1.2785206762426569,1
2.321357215450273,2.421920754235285,3.613711269058647,2.45353430151398,1.7558433647093512,0
-3.7762463334664518,-2.080599749296761,-2.833056057000759,-1.0846097244398383,-2.549540274595535,1
-1.4929797278646433,-2.057395365074036,-3.395448504755072,-2.7079109406740756,-2.262746747686504,1
1.7271554536598692,-1.029824917432141,0.9015907820374474,-2.619122948249932,0.4934747419608847,2
3.1033018820165212,2.1142276486620397,2.150301761461878,1.6363877877861441,1.9430543762789325,0
3.693547133413672,-1.8485926093752225,1.707314541024723,-2.6181604486836276,2.8985117045515647,2
2.7384665799954107,2.1713682811899706,1.8843517176117595,1.6988963044107113,0.5214780096325726,0
-2.088373287526396,4.210689726015764,-1.1950666092676743,4.190417001188424,-1.1176029102100198,3
-3.1889634195349617,-2.0498801541281177,-3.046121085062504,-1.5265925842875336,-1.7090526356605147,1
-3.0553241585924598,1.6760911467840782,-1.788120821171116,3.0103793132832637,-2.445757459796849,3
1.6811536445052688,-1.3735653275460558,1.9200915473374502,-1.7949246607653702,0.37661747005875656,2
-1.7648647006338114,0.015312058554090013,-2.267137485941755,2.4403539938779137,-2.5209685512310958,3
-2.479718896766136,1.5673624836664717,0.1857306167225743,1.7534289457404257,-1.264867886945909,3
2.4417467363775573,-0.7729654029511277,0.419396059190831,-0.7554348396447443,4.2314989110277486,2
-1.8485926039279812,1.4210482426510769,-2.896367547825181,1.5513043173805157,-1.7657407355432344,3
1.7784003056149607,-3.4409816345249187,2.9588163064676722,-0.872313705483571,0.052657525859185705,2
-3.0257233949746074,-0.06486527768364159,-0.7781953150232985,1.6002294885569426,-1.8428542162974655,3
2.238368982734785,2.97519762978243,2.5010941699398455,2.189581616598743,3.001046092567141,0
2.7116148780888896,0.8753579081621308,0.4658858292643777,3.277676821898509,2.3323140119795918,0
-0.853969855857935,-2.7773714848459066,-0.44121081550310604,-3.530461409743377,-0.37035786888720135,1
1.5661265370208108,-0.27784490219180524,1.2329325445996995,-2.6038382974931866,1.552038661550025,2
-2.307808471138884,-2.838585798447231,-2.8866809222834573,-1.46518266365409,-0.7710194975109381,1
0.4018756481162524,2.4621726660819427,4.024309623286852,0.6368259954071895,2.1897061676103955,0
-2.4096865926294972,-1.287677840419838,0.28165183653884274,-2.6176416769336965,-3.5350402475323595,1
-2.9026543599878196,4.698328835937088,-1.7579293297120326,1.149024919318435,-1.136076450037554,3
-1.4333978516072745,2.6443105001082006,-1.8535243883466819,2.5233237827285886,-2.8005903423481056,3
-0.9316206663059836,-1.395879110411482,0.30363875210478897,-3.479444223139724,-0.7407667602132011,1
-1.1532292247835063,-4.127227420351495,-2.099094300241269,-2.6028206557839617,-1.5677370493658445,1
-1.2019089513384382,0.5758323998124009,-0.0883939329366783,1.3588350706031496,-2.2650649968885794,3
-2.333460693181772,3.5199520059142992,-4.1357998487348056,2.759787236953077,-2.8395275580176573,3
-1.401003658315736,2.8533489773401466,-2.4941900230669125,2.2838445673027366,-1.0374974080467014,3
-2.8228559015184325,0.9607798360092339,-1.1820184555461386,2.396366956467351,-1.8302522320293382,3
2.4687742560750237,1.0016145608117086,2.3017918998194657,2.76608027838469,3.2269332238843074,0
2.791031947043047,1.090612545205261,3.402794310936099,0.5981489372077191,2.5868570938002704,0
0.5936825363281661,1.9168944273713053,0.49527962596899777,2.7600559636896027,2.082439752934503,0
-2.309509885927229,2.1920042369686765,-1.7224841411181098,2.320187854921873,-2.138335282016378,3
-1.4851164039236278,-1.1800747473647657,-1.6756597899851318,-2.5327254982169034,-1.1603361355688113,1
2.60600995134564,0.7195706475037169,3.754794181984365,-0.08192940788372205,3.696456368290038,0
3.3994864269723433,-2.62865430507457,1.7224863811397666,-3.0363092473737705,1.7965388589196951,2
3.598321807641033,-1.266452186494134,2.008783654898148,-2.237683316960984,2.0766090704516595,2
4.2758254276476375,-2.8522246429973244,2.5181017020299756,-2.529201009811513,1.130713013011356,2
-1.3186376734246945,-3.1536922813398585,-1.2452667019321908,-1.800576014013233,-1.5269617178397847,1
2.6595314695891386,-0.23348819967236634,3.0386060692088166,-1.9068416623002578,1.4890108298042728,2
-1.876245357475723,2.3120621317267385,-1.1417295698181282,0.7370370631326773,-3.9111593252604875,3
1.0466713917412878,2.1226703159947955,3.6246784584695604,2.3230792731160292,1.7476464978737125,0
2.0693371617153478,-1.1374565153848297,0.30502656148338736,-1.179767601694016,2.817306203738326,2
-2.5791241096357465,-2.4808337895119794,-1.303832002840711,-2.5176925728692146,-2.0880912440290733,1
-3.532683970923734,0.8714093269029655,-1.0275560020819898,2.87278741446961,-1.6369957151939232,3
2.7072313738042766,-0.5248876356901444,1.8065723714187945,-1.7816110124558258,3.2888634252063023,2
-2.6723935843265023,2.336499788820901,-3.5669593711673526,2.407090383398832,-0.046940304460103555,3
2.125224502647907,1.570594458874747,2.122297503032284,2.543298029036388,2.0488600703257043,0
2.7942646796218273,0.7457105768307506,2.293557932166629,0.643418195376595,2.4664299824335263,0
-1.8860293318722277,1.2065402701165286,-2.925084620478635,1.5497981083341565,-1.9261365655891196,3
1.8099609649985056,1.6425545771895729,1.8196083182375922,3.3728484746765304,-0.21186191132950682,0
-2.037893081716831,0.38837199287043855,-0.8157433548038271,-1.2771731050144879,-1.8882008417966119,1
2.3362778892475626,-2.7370293611526972,3.0567249112804182,-1.0331928957494556,2.7191686663554373,2
-1.977369147323131,-3.4055630538562864,-2.9849931258170153,-1.8013199904525932,-2.0790673418645564,1
-2.187330309821301,3.391457966955942,-2.2122443098399307,2.032773637555781,-1.9787773491657417,3
-0.7791787011869522,-2.8767737812118446,-0.28795971598210746,-3.7476365098282614,-1.5652299354431087,1
-2.9395651672539582,0.19170467150048554,-1.3819315060699582,2.3465270183130005,-3.008433020531146,3
1.3052868689109418,1.590717561886896,1.4759116020654075,2.152354872033722,1.1775800676177994,0
-1.6040857790419545,1.8828279950256246,-0.42585321396759124,1.654092719333172,-2.837380789682467,3
-2.388243053521539,-2.055920448522213,-1.6620424717678817,-1.1086963131302445,-1.9957701410058484,1
0.6366691419455885,3.153502849781544,-0.8374263318121598,2.435546318992364,-1.833514727422853,3
-2.962651011918976,-1.3072309681511394,-0.8941669337052873,-1.138563474367195,-1.7486833517618976,1
3.0984848760518187,-1.6423386333689107,2.064505972862572,-1.093455842890036,2.0722520482379156,2
1.718899707114045,3.797686526849523,2.64084286126701,1.4288210102172032,2.5725827813561586,0
1.5788011833870867,-1.0235686228019318,0.8678508592839933,-3.098916254728194,2.6874267551265043,2
-1.137776488113023,-3.4162270557926453,-3.1511537365528692,-4.839078659485427,-2.8093808210827538,1
-2.720455070675059,2.411357631151439,-1.589616723213108,3.2146667801329025,-2.1448667551460945,3
1.5169389483165605,2.146793011985549,3.6122206282554243,2.896839315865532,1.7314693520941677,0
4.3246733058528175,-2.017006074483831,2.505021088273767,-1.9154815241846728,1.286415330092824,2
-1.9715424188168411,-4.077811819856197,-2.320297804536642,-0.35662184419546605,-1.639352108564205,1
2.3014070697811175,-2.0365800398768457,0.2621953841535005,-1.9819527475317757,3.210674552542197,2
-1.3447663714862395,2.2569974455858306,-3.323649570842179,1.564098530909567,-1.1224524465485795,3
-3.3716736972304657,-2.7094410024275466,-2.2885486958757046,-2.7837535211244284,-0.2650634241631915,1
-1.7040667596539048,2.135428834719957,-2.425817998366551,0.34285641486769536,-1.5286087372350092,3
1.4377124707590272,0.9871688796655762,2.314247332595274,1.0919759244787892,0.5876962986647085,0
1.52082576215471,1.814341023336183,0.8936650259939718,0.8037933759193292,2.812525822394198,0
-1.5294901526214433,2.0118626791807843,-2.980788008413559,2.7399440513793163,-0.3202526177784708,3
-2.637587542075964,-1.7833168810357138,-2.303350067477134,-2.218866251735626,-1.2337570249594905,1
-3.5271678565896476,-3.055089368176695,-1.8737322637659317,-2.9846547848472627,-2.7925234471152125,1
1.5799722727058374,-3.9046746934654637,3.4444121950550874,-3.2276799644560574,1.4087219906302944,2
-1.044656539243162,-0.9783647861723919,3.436368034243754,-3.0501865373616694,1.0277017552651653,2
2.785800158650832,2.425457561784965,1.033023856870787,1.95228864385802,1.9963974609094315,0
2.1355634164147093,-1.271481356485464,2.6376058122312087,-1.7412301947560784,3.1955313880867093,2
0.5054489053568938,1.548358910823053,-0.10485138789103021,1.7368387279401734,-3.372409737561307,3
-2.377531148559825,3.257613112576651,-2.5334524457759002,0.973374517115821,-2.4581369898417194,3
2.8092646982419858,-1.8831698258278162,0.7144089992439724,-1.1199340370426576,0.5661941760715856,2
2.513105798176083,1.7404533224160827,2.738810480887503,2.6153674840130536,1.0645612979554047,0
2.3078017688920593,0.28983160734337443,0.651814577894287,2.743264094022715,2.170865438127942,0
-2.59641140796888,-2.2991817724274344,-1.1910807306072806,-2.584455291850438,-2.7493576894227774,1
-0.3226229121945108,-2.8051717517428765,-0.9231518553423197,-4.169677417725702,-3.1941894010922893,1
-0.9420392861612075,2.081844334529539,-3.768156911753232,1.6993256395563174,-1.5366984897657692,3
-1.704804631841164,2.394881490002578,-2.806509629025582,1.5407796020107594,-2.176134197710778,3
1.1392708366046616,-1.3276106623886177,2.166655817359844,-0.819010094694328,2.4032745630371717,2
2.894232774500935,-2.766322524781426,1.7354541012952778,-1.6342400139070845,0.058432199379778726,2
0.655549488965723,1.0813480535158018,0.9958592332479321,1.2322024348958716,1.965315112613219,0
1.2291811972713105,-3.2783526288023244,1.1045720390749583,-3.33656850031492,3.336657357758983,2
2.178529169720478,-3.9645360381029247,0.5188542753782843,-2.002368916132808,1.4563931039069473,2
0.020700189624212273,2.747910256117534,0.9272569742601935,2.2392468641111494,4.0740826697499735,0
1.4979457756473888,0.9787671828692868,2.7083564472993533,2.243800713771199,1.4359213692632715,0
2.366746407892257,-2.383874741330783,2.202280407621219,-2.01789497700835,1.0235999513362026,2
2.473145453267787,-2.7029114380395676,1.7621929625740602,-1.5335687125876831,2.5206894964226687,2
1.724948302848356,-0.30192116473558483,0.48480893780144774,3.3668742674445244,3.6449677135012837,0
1.2962896006685667,-0.30765342753679525,2.144326471726037,-4.703348047107357,2.3393558127562204,2
3.103217572053658,-0.5580575980473992,2.218963915855975,-2.8418216318681524,-0.4353123317828884,2
2.570890510693167,3.135565640180599,2.9540017634932023,2.651391251305798,1.6847307553596544,0
-2.327017317609771,-2.2134567793504383,-1.5038008126366837,-2.535316712567659,-1.4885004246381386,1
2.6841632086089544,-2.814756002823548,2.176150451887692,-3.2498203395893643,1.7347624595297977,2
-1.4127375865358234,-2.2056278536432474,-1.9171674294819,-2.7281719009698158,-0.25186293087916467,1
-1.4666407552945506,-1.1605314954815953,-0.781805288245744,-0.942631694621775,-1.127802999927022,1
-3.758208876655435,1.7488821653575592,-2.972162217943325,2.0795795465565607,-0.5658229634796734,3
-2.8246503402906873,2.703492148225025,-2.0778214361364733,1.724048548303862,-2.3617238360933865,3
2.927840128081237,2.0570131248970847,2.268592278863257,3.5284684264125317,2.507835756289624,0
-1.0285876423276403,0.7047413793328792,-3.1875531667750403,2.578909818069134,-2.0643376473791664,3
1.3005854598767126,-1.8383014732952472,2.102858577932334,-1.8506580889401196,0.5889431689339182,2
-2.071120290830336,2.0855947039445253,-2.278372967607894,2.772847838543723,-1.2168401122229893,3
1.426398227103099,2.1018562952619866,3.5490201514951876,0.7608929243460991,0.53247473424756,0
-1.8260527915871887,1.381824957899831,-3.619173056515865,2.629739514408738,-2.265920074195552,3
-0.37153144522767834,-2.284384649606509,-0.40941792738214966,-1.3210687099407217,-2.1369954894424583,1
-1.481128819559878,-1.5041949789724292,-1.998380968643059,-1.5852271092112091,-0.3956608916914037,1
1.974973041254856,2.817766299200287,3.3902075490173136,2.557810306351862,2.0103526198433808,0
-3.327798673479431,1.7114670993182037,-0.48458618465179093,3.1464871587330383,-3.1123274696705807,3
-2.2058594308803405,-2.7465783465402387,-2.176774163115782,-3.5486182988637465,-2.491153747142105,1
2.068371565967659,-3.7464667255790336,2.331647667125763,-3.0471575686902646,3.711028809190788,2
-2.020921037383077,3.8961232762543467,-3.360834978301079,0.8905444445537802,-0.2872885887237273,3
2.200569197230943,3.148637349428715,0.984178181021603,2.061679849847972,2.428816500330573,0
-2.513196364513396,-2.717918890747602,-2.2305246251802506,-0.8202747916392898,-1.8058923690466422,1
0.7792875740858414,1.491859802352689,1.8522196811825284,1.5467515909769867,3.4524675344707454,0
-2.705537947278461,1.1539603273723655,-1.3431012936803526,1.2776525953849704,-1.9400902259204964,3
-1.4863855357689038,-1.965286251247438,-3.9685042134380537,-1.3450244157783102,-1.18920135440829,1
-4.391956204313024,-1.1552256242183,-2.0055602936480708,-0.8214873102015772,-3.373402888969749,1
-1.6368843722554767,-1.6888900088568048,-3.889649292096153,0.015275110460640118,-0.7093555390774529,1
-2.351921317816509,-2.769996066197457,-3.2961166642498947,-2.456120827474188,-1.8185733798860286,1
-1.290589019413395,1.8594465144975683,-2.6312411362407007,2.599450686321704,-1.6142891594685476,3
3.3173940656343257,2.1975996046923996,4.0752608726252655,1.3108121819104321,3.7359638031652493,0
3.0821123129931407,-2.129034115129784,1.1483378256656067,-2.7589706989033447,1.021259163690234,2
0.33750801196432567,3.0325462043416573,3.1267051368275833,0.9090335697848018,1.5891857120454151,0
1.3941391792411066,3.7193779062072965,3.9925153531681183,1.233343412216652,1.45044286409142,0
1.4121436950919999,-1.7693891512337856,0.866578981707377,-1.6500762847506074,1.1046456263408,2
-0.04584256624971372,-2.5057467042619366,-3.0589075870566003,-0.5183365975374012,-0.03741280946920522,1
-1.9413910826282073,0.7721714339430079,-2.3199072780029137,3.3908335481766434,-1.681191660371744,3
0.9299152336738474,0.4744748290752612,1.3080919301187555,1.9544139836445023,2.2433394493226917,0
-1.41568583356469,-2.1004757205717053,-2.0573907030015426,-1.5894499146723835,-2.2310694774576803,1
3.047317706621448,3.1695899924277735,1.7706092559319722,1.9565230501861375,0.46889249744427786,0
1.1710049890779277,1.4398189598030304,2.7472936051232617,2.610370265433465,1.9790984060358519,0
-0.8081006655864271,-1.0499841713303544,-1.7569952779456004,-3.532700559889931,-2.1962806513879367,1
-2.2023389068700876,1.816754756790718,-3.4419103561118094,2.9459295852703784,-1.0468237456706462,3
2.291378984815946,-1.9678149129631604,2.8728170831783344,-1.2679190485669776,1.6909337632617398,2
-2.5639474880582434,-2.816217244541965,-1.9218569370303527,-1.138363875502056,-1.8609396013465824,1
3.487246155335927,1.419946758629957,2.239404500535377,2.499685110302934,2.4720022709192744,0
1.4887843235688147,1.010395179741419,1.8742130799003518,2.0557249122886945,3.0941915184709483,0
3.4898634386020824,0.39909602152348445,1.171502975219754,1.8967452398509526,0.35681118884583274,0
3.0701502383164274,1.97347874075094,1.1181253487722822,1.8369330360562361,1.255097355193551,0
-0.5451738258533494,0.3635969807935151,-0.06413897431939541,2.1358559015662903,-2.096000661733858,3
-1.3901199528095811,1.9600735366266362,-1.205076886124441,3.3491351051134295,-0.9418299061758983,3
0.5503547803014699,1.0781401868746867,0.9960426279185015,2.207267329398944,2.0693443370362505,0
1.5467719506727249,2.6963874474567153,2.9553052085705107,2.0884068862918475,3.477530081055262,0
0.6675516521054341,-0.8288323672938533,0.535025253895111,-2.6684549108531774,1.0019053722309648,2
2.864069982138947,-1.6938654468972447,1.7689404631591015,-3.1918747041912496,3.943528881122197,2
0.6194012941003488,-2.436155441507485,1.742379514489006,-2.069633453300108,2.6891644570743356,2
-4.049941278577478,-0.8409259350441023,-2.336254738681072,-1.5745100667597698,-0.8027530763547721,1
-2.0489650308584504,-1.288589420534505,1.112910201043841,-1.1919638105979287,-2.8480655980305087,1
2.738237230816162,-3.1433389910838607,2.0874737536807393,-1.7669570484705162,1.2819352163817357,2
2.4990958161377494,-3.6922708316433286,1.829614234611804,-2.812823590336565,2.8280588148933092,2
2.2825799504882998,1.7513088738164528,3.6073455760199926,2.4909749516382513,2.7348777860498172,0
2.0062731561844185,-3.531535315243643,3.150267395898296,-2.205284019496251,3.118549944255326,2
0.04791220047749811,1.8482149049644168,2.5883172064845765,2.2809918677350325,1.3773004801794062,0
3.3736585451629577,1.8625514853723082,2.952874547202939,3.6122782579886454,3.3149144535840476,0
-0.72572774126563,1.8864118863789496,-2.3825838427224335,1.075074184280726,-1.7312242108513585,3
1.7765340176281479,1.6506832038818025,1.9805803941122675,1.6968202171657245,2.79994190194205,0
-4.521604801462043,2.4283529137714486,-1.6081712922838984,2.02012112958086,-1.1082994189304247,3
4.089538721694773,0.3923389728819413,2.1847405788957244,4.02360621922964,2.006799844559998,0
-0.38295507547831753,1.2295752008621212,-0.8566384697941718,2.1848586540603647,-1.7478051457657133,3
-1.6614471237140858,-2.937925576536399,-1.783375024595381,-3.0257526836402775,-0.8991786015773948,1
2.803154742614022,-1.760372481761002,2.7330542814659986,-3.892762177590052,2.31149085879779,2
-1.3071424157625633,-1.4174286811911947,-2.799940506701934,-3.9080021371233076,-2.393052757061401,1
-1.8744514133488517,1.0439414483166054,0.31763678867387846,0.5927065565075975,-3.298103903687158,3
-1.153117896115086,-2.1152242325521975,-2.384942888410081,-1.45909148143901,-1.1238308328087672,1
2.039713821719635,-3.4228769078115544,2.461272084317831,-2.9243573336303754,1.5490059829706906,2
-0.9492257095278867,0.837061013147087,-2.3574150481707,2.95300949821405,-2.299877474496612,3
-1.1454747729333843,-3.091933900395313,-1.1097524991634913,-1.8281606602064688,-1.4467487800152163,1
1.3637762873480703,-2.5650604735511924,3.871074482308114,-2.8508840890388987,4.441221722471914,2
-3.701140474267242,2.3740620881310437,-1.7355183150486262,2.063702359765771,-2.216827050222143,3
2.2572534211115016,-2.3444772087524526,1.2505840130430266,-1.6622339009453986,1.4549127700044098,2
-1.6131914793107973,-0.9090195748140331,0.012270445700765187,-0.9762904538930186,-1.750691404358271,1
2.6482804338438592,1.8790518513922185,2.419532443907028,1.1125078221979,1.5625416996765895,0
3.1925075124779747,0.22141241599348316,2.319651825918977,1.4958201689923285,1.9184773268983542,0
2.0845269837843245,-1.0897842163352547,1.8164718278428469,-3.209198711239606,2.0567416832968193,2
-1.690001016834445,-2.0565884888998958,-0.7810292102063368,-3.951101864038625,-1.8564120634948398,1
-3.500802015262175,1.6769242573229755,-0.6644295444632435,2.975200541684766,-1.6307362223500954,3
3.2525407310292307,-2.7790194215199855,2.27242139665361,-1.582534910178705,3.191085854773477,2
-1.710088825962337,3.316007419718498,-2.5387848378473885,1.8129424835263375,-1.9045379586417035,3
-1.2603468482753286,-3.909356087507293,-0.6816976751473307,-1.9273194756706586,-2.41149314456218,1
2.1134560400565525,-1.814162371097247,2.91987151595443,-0.9810767599101016,1.4057891276183334,2
0.19511789933548096,0.37245756211683734,2.048084946661382,2.2597225017214817,1.0956833748955914,0
-3.6717612733281673,4.710331644334893,-1.4801289818980885,2.210008308022589,-1.3848360157214197,3
-2.863493604964934,-2.031203488939084,-1.9819831279555533,-1.5273696541565944,-3.3668583632808264,1
-3.0706664061901785,1.2156790296997442,-1.3115040254384334,1.765492464854109,-0.41085269836354277,3
-1.5851344996380896,-1.5367114698818938,-1.956485331356534,-1.4418604854814938,-4.529560077694303,1
-2.1597484979915866,0.9858357818730317,-1.6610241063317386,1.767726497200527,-1.9894542882589743,3
1.2968235748741126,1.9650115095030383,3.77080063563551,1.3730329422122325,3.8124485579969285,0
-1.7048590206625833,1.9352277402021234,-1.9070643473170221,1.4500751675356542,-2.5100639500960824,3
3.515444808352248,-1.6182658310374907,1.6266315749969156,-2.5001978170959958,1.8301476423222693,2
-2.3910246668655764,3.479481761860873,-2.6590238266596704,3.3286464115446437,-1.1825328733016276,3
2.280161158819607,1.1903964800783537,2.4240610444640898,1.5261606529290839,1.985547729121721,0
-2.696771818429575,-1.4179734329152731,-1.739557736666444,-2.538841856192738,-3.0085546840762083,1
-2.1980597632189065,1.5637369678199713,-0.9518832407308453,0.9314792459175611,-1.6545858183561464,3
-1.1860191398022588,-1.8713825495950336,-2.225656380712252,-0.6109756370372383,-1.3626753169769275,1
2.615967006046838,-0.9628185943509497,1.0895132964684788,-2.244028352171134,2.2947192529023015,2
-0.5893076795791052,1.6902891881934274,-2.574486705416276,2.8717025855988134,-1.490486436070314,3
1.7951233361352827,-1.9686041344672236,3.6075783063995104,-2.020560557350507,2.289183673118725,2
-1.3490343212205587,1.8820189053926222,-3.156996455664364,1.3179252019762169,-0.8476513610380743,3
-0.794005483453184,-1.2225926472354889,-1.533329018033919,-0.47899377284061995,-2.948916520824837,1
4.057811177097762,-3.438411166794559,1.4848291009079824,-2.12651889695395,2.4394526904579905,2
1.5193520585117586,0.5393816227828614,1.9601056162482882,-3.4042395662615887,1.8658197893230755,2
3.2545187023811897,-1.1992980524544232,4.059845001737402,-1.4412761630555146,1.8435226238768414,2
-2.790017096815208,2.692815210300923,-2.2837067283647317,3.1904749851934824,-0.9780372233218584,3
-0.45726363272022397,2.2434750771367704,-2.4041571594793028,2.001794872878107,-1.8822925815390419,3
0.257228026118959,-1.5905614693577477,1.7233282282808546,-1.8866056080333107,2.458994001674291,2
-2.3166795459342495,3.3744849814275595,-1.1933235978356371,-0.9431415654717332,-3.0040796329550274,3
0.7105194127903125,-1.94155051929435,2.9126203225404406,-1.578283066996903,1.9403456880078085,2
-3.311543966037001,2.157346567673078,-1.0234934109368354,-0.07213511609648693,-2.204932474241608,3
-4.246889333984605,-2.6067002947652966,-1.7887163077205273,-0.7999210435731388,-2.491902447506205,1
-1.73597991866633,-0.7276464998932322,-1.2675078972201979,-1.7112763371749766,-3.654887436228296,1
-1.0146002885499505,0.4141543596141526,-1.8235158163370473,2.451226016136099,-2.0731073020089386,3
-2.386002575649439,2.182098245815862,-3.0359619286066395,2.4359476297154723,-2.761941238135084,3
1.4448004733068016,3.88115706944059,0.551986099583756,-0.19880595662008194,2.4400144500533325,0
-3.5072258203839386,1.443282102142837,-1.5712387411192361,2.7704635956872266,0.19344955028838573,3
2.158093898576786,-1.966556532026849,1.918105620427507,-1.0088088870733336,2.747444971427056,2
2.613770855789909,-1.6245441423727471,2.16757010580099,-0.8377404024943331,1.4604087792628684,2
-2.2386055317146276,2.268413273694562,-1.749048979287957,1.171819436126492,-1.314343607486289,3
2.835692112065142,0.8702931453423819,2.529804177915283,3.4415686206579004,-0.4716445001272893,0
-2.1583054780096638,-2.1838538931592097,-2.845673104494113,-2.0140989659066717,-2.0626482221218216,1
-2.1512992202325223,-3.395789202192485,-1.4086507582415997,-2.723990331742609,-2.195390351177024,1
0.15381213776190616,1.07048913980759,0.5034707449099209,1.349976065593102,1.9165620302096391,0
-1.8333621046881614,3.0599501697623763,-3.194186651411844,0.9873555585569105,-3.9354299597138063,3
0.5971338427921453,-2.1081389903914167,3.1121006192213385,-1.3147099152890322,3.402009325919122,2
-0.7307443281013795,1.5026828536423305,-1.7059179612067858,2.1633346806775386,-0.5382829837428817,3
-1.4035588624182473,-2.6342858476894033,-2.2359699872109715,-1.2558142896849653,-1.5784539164634388,1
-1.894721376090322,2.1506024928446337,-3.5030468593574806,2.995693754370362,-2.8814337052269954,3
-2.531411401138425,1.8069179259933874,-0.9496804477236449,1.3889988759103709,-1.2036599802511676,3
-2.029766488336402,2.321584540372756,-1.8834919475241292,2.3796996774171126,-2.3114671948992016,3
0.5637461350718822,-1.3060767668087419,2.7165893397596514,-3.7302627304843448,3.333885745500573,2
2.261250531233856,1.630722860753797,2.143388467342251,0.22376476710168003,2.4086528114806707,0
2.1365973955887525,-1.9746147220277284,1.283426511575895,-1.1904055640281141,2.5308943142159492,2
-1.8161654836774956,0.6930336639804966,-1.6501999754320924,-3.0040545968420105,-2.095464247089073,1
-3.3367254388759306,-2.4118233689636575,-1.868072033228043,-2.454547718743444,-2.218653277435036,1
1.67767953078866,3.2171585208254965,3.5213160519224513,2.9983108981479605,1.5683796872819515,0
-1.7645442048888857,-1.6883652914284442,-2.807650557746765,1.6084300226439607,-0.49493796139167,3
2.359680847686321,-0.8129223212582446,1.0352102623703145,-2.4146305088140307,1.2756974657923332,2
0.7903589813087946,3.6725723868377034,2.4190190093660453,1.2949881442415911,1.944230922342294,0
-3.968923142416083,-1.8965618706918936,0.04207604014374411,-1.7226415380353242,-2.0222789791837132,1
-3.7518288067517194,-2.389923706559445,-1.8419465100798682,-2.09662367001489,-2.4159669279473586,1
-2.3096497139880614,-0.853972424986585,-4.8375064413973785,-2.016610342325909,-2.105818757497698,1
2.2320499373576363,0.5519156585026759,0.5925362256234448,1.281555778747564,1.7865528482881528,0
-2.2313009429296993,-2.576419576334844,-0.5289653091828961,-2.699495220167643,-3.037066073569996,1
1.63903383418092,3.159329803364248,0.9189366724001027,2.6159356069442636,2.593101257968384,0
1.4263379931197637,1.4531410587596079,1.9672467297840015,1.456575228866235,1.2871542173228356,0
-3.9720890266438182,2.288028368305489,-3.443925547073757,2.444853537557488,-1.5884342808357181,3
-0.5153581381234924,0.9736463776101039,-0.41055871643830155,2.283911058736381,-2.0070629045508297,3
-1.6118142043452666,1.029728674091761,-3.352865888964039,2.1487806348073053,-2.1712563048249347,3
1.5835615667519745,-1.9980231552441892,3.532873355636312,-3.345014483930669,1.1389503278344244,2
0.11045926905446901,1.5476936807509234,-0.42387932662895667,0.4160971765142767,2.7604146561442975,0
1.3836385919605225,1.624803619676063,1.682284903243766,3.2816437950037685,2.5576910607251246,0
1.6123701673367536,-3.934964117240471,1.8506385043503588,-4.367477653373278,2.3537706308913897,2
1.2176460774980065,-1.1468346935868081,2.2474805476401047,-2.009664421313347,2.8789639730706513,2
2.046436548156149,0.6401438590200808,2.746253566027221,2.645484181141075,4.16325472330546,0
2.537768190368484,-1.693610517926586,1.0016932247089452,-1.4812069825482788,2.863528242521521,2
2.385317379728837,1.1161425637988671,2.153725105945528,2.058208718446,0.8570297021693769,0
1.388240360495415,-0.8640521540561781,1.8460023348021684,-2.1619548169413276,2.438412699496645,2
-1.5245693174733765,-2.7955570679408823,-1.5756060621389874,-0.7204813302398412,-4.216818839354064,1
1.1012001897561623,-1.4489829397737006,1.2665179333217207,-2.300825956032299,0.3726882720526845,2
-4.396082288330416,1.321019653536868,-2.4805744132024747,0.12510793595246694,-3.157415790215434,3
-1.6405242024528746,0.34907578670075745,-2.7160434362758403,-2.4166253056154625,-2.063123013111248,1
-1.4672167906773756,1.1944733174894795,-2.21511380017049,3.542276627661302,-1.0056484801845764,3
-3.1742022957201463,1.6440650829130292,-0.35212239421632674,2.0683221299398173,-1.8736874854130006,3
-4.532246085219685,-1.3179305099373688,-1.8738220963380328,-2.2224748967782655,0.04686219571955785,1
2.7163400805404105,0.3246989143234176,1.4710532372753011,-1.0426951774064688,1.8939093646585796,2
-0.47125214945909155,-2.081045964721744,-3.0084487325473495,-4.085897877733338,-3.4720370730267915,1
2.662881268667413,3.173473857485325,2.1810215587037067,0.7031680520441534,2.3996879517526417,0
-0.13093349632173923,1.2457018673928573,-3.665125296304044,-0.0017401674762616004,-2.150468141494982,3
1.9256546702414759,-2.184551442185945,2.5923295470133434,-1.9006861850486503,1.609591261719529,2
-1.0017823440282703,2.643668753022491,0.07734343956995327,4.206468979884672,-1.920350417386075,3
1.6629140288819606,1.3865973364590602,1.6975303135118716,1.6118231814587713,2.1704162223754877,0
3.992036635959309,-0.16610345397562454,1.1320775372488465,-1.4428623815965183,2.7492825568794514,2
-1.391094643745368,-1.7379331909132745,-3.949561717754367,-2.3508494300764746,-4.218347760051081,1
1.7834768024638263,-2.9392415406820067,3.3325514676651276,-1.071067986467785,1.3950932360718253,2
1.9505362903475671,2.6748194921666038,0.8772779784377014,2.3824097461840505,2.166452208213056,0
2.3088330125989636,3.702214944635238,2.2407531794885682,4.601683114180394,2.5655096456315443,0
1.8669968360699365,-3.3208922825061613,4.14300705458491,-2.469764464337137,2.158756050937543,2
0.3660770409407128,-2.4248313475256387,2.5024996961292905,-2.890748863552264,0.5731734232186576,2
0.7704504055475832,2.4966992232365217,1.5346895432199466,1.8940516456958643,4.644343347017035,0
0.20178526059089252,-4.223574167937197,1.4819309805249432,-2.300980312393222,1.3685629725168167,2
-5.24151382532912,2.2971600238082215,-2.0018287588441006,2.139982096321354,-1.9461026529667935,3
2.9757133776692504,-1.9992444925454045,2.6858578186084188,-4.153730573791462,2.446981717009852,2
3.8014300992664882,-3.301587982803331,0.1469815171024309,-2.1248868853500675,2.015697795957758,2
2.000527958856597,2.6012067489291146,0.5561451838664582,-0.29618095313723813,1.4494631505084166,0
-2.3022693920825263,2.530867162067149,-2.9358312297905655,0.9241061712757404,-3.1231950508753776,3
0.09940752050250934,1.958751871020797,0.1591211546032918,2.0913147286113496,-2.380455904166351,3
-4.3910785652839595,0.9801986663054063,-1.0207402557130372,1.7503444617810806,-1.792457705111258,3
1.4468227546527301,-2.253951706397235,1.2461378863090387,-1.6173464485225084,3.124932545303241,2
2.5885784044206095,3.6699045043514062,2.3946715298229813,0.8041169379648156,2.4446026682201407,0
-1.8084226038059104,-1.493759010694074,-0.5526943006081935,-1.431896794871354,-3.0496554989099414,1
-1.5941759133261857,2.0163742419312936,-2.9869427365015566,-0.2557913310947475,-1.5689903078699232,3
3.9647251329163895,2.035263551971729,1.3002744920074143,2.213979910734222,1.8876719503091701,0
2.0592184340144883,2.0139292919129463,1.9758749128899966,2.198084760767855,1.8556395880760574,0
2.4484854541964403,-2.1585376924164565,1.081980938361035,-1.9076232083600757,0.4353778726641957,2
2.1109225897098662,0.8490064225776972,2.375698018345672,1.399361310081195,1.7083062502067232,0
-2.585927673317755,-1.6708932212898704,-0.7471573655725163,-2.4482246163001493,-2.6922503292658964,1
2.642722759867544,3.3291525301324314,2.19652116970147,2.7090037575885124,1.9102643057127733,0
0.12477140301696155,-0.6686609380115969,-0.07963249785573878,-3.2228950195555637,-1.9287462500891075,1
1.7798862687451715,-1.9363509385034823,1.6282209884765115,-3.4776124069194445,2.2576008573981294,2
0.08122878470095851,1.973486124550783,2.0602302099410266,4.463242112485286,1.8076390352188776,0
-0.40260270677837684,2.6446898032842334,-2.654769775623949,1.4893915007024205,-1.9200847362599625,3
-2.728461621680343,-1.6804753292170447,-0.34638273150771504,-1.8601127671608726,-1.003881785088871,1
2.381425617534342,-1.0027344323411274,3.1818900425588934,-2.066448975309456,1.6419205538206811,2
1.8171035588951598,3.374876419148185,1.3540358208754646,1.2008079933497464,1.5172564778179676,0
-2.009844808650383,-3.6885051880685,-3.120047422469872,-1.329088751723125,-1.3962094797221059,1
2.1503937864762075,2.3417559757771595,3.8761708392158862,2.95042383818605,1.4230963443375968,0
3.340461051790348,0.7004187630724024,2.8297324178791747,2.811396554491592,0.8517367112473817,0
-0.4036686011005304,-0.6075440585169325,2.672293408040402,-3.5004765491630017,0.5212228761537143,2
3.0729780477660116,4.363872494619361,1.2140139673650177,0.6189553968462251,2.303818595604876,0
-1.3663389752259412,-2.6981996746110495,-0.32132532662743385,-3.9116405506517573,-0.6888325021973756,1
0.5424485005350694,1.6907909229501366,1.2478435944094168,2.3191745104191805,3.3404504460231443,0
1.3838565419510567,-3.0401987109554733,2.698815670280476,-0.5511798916622845,1.6849180720910766,2
1.4477387478873913,-3.097143649628814,4.291911266818686,-0.13253799583864923,0.837934179743717,2
-2.1288773786887534,1.4909061946884306,-1.51464009244681,1.1508951490097765,-1.694334431357404,3
3.107080669286973,1.8796188360464017,-0.17266954601403617,2.8474216771504217,1.4646718140460773,0
-3.5978721344948377,-2.6300249795338946,-1.2680444974901541,-2.1969218079968895,-2.4645810781156183,1
-1.1308454075031036,-2.4555395260238706,-2.889240828228324,-1.0446994417622473,-1.1239532074702057,1
2.1071699152595964,-3.078512741364597,1.8247054700959873,-1.6006823982808691,2.36039339501808,2
-1.5181339382815084,-1.452735202622033,-1.4511161646826356,-2.2549557935536977,-2.1254542600029,1
-0.5910422921449099,1.4537555517475171,2.3918040054025465,0.5210884312258712,2.1833599197791558,0
-1.812892899874908,2.3884246136775062,-3.0272518875051286,0.39881880118842705,-1.3744086974934402,3
-0.8962799862774036,1.615510878958482,-2.0633898520348106,2.482790124060318,-0.9164168968900044,3
1.7275899833963129,-0.766275721663807,1.194904818969491,-1.811524238981897,1.3433106543725868,2
3.2827949688389806,-1.9219925815211425,0.6922234348523393,-2.34510409681919,2.0440625674065993,2
1.1851318510906559,-3.4762625440017794,3.8055744326868153,-2.6332727047102726,1.9032398968131106,2
-1.3811137019768465,-0.3616402677290591,-1.6186903877352155,-1.6883471439952218,-3.518910825090068,1
2.4416625641860605,-3.4337300248102283,1.1625942746845088,-4.106889114626081,0.5760418878023932,2
-1.5248322535046184,-2.002403840918854,-2.589271651789306,-3.0921636327180897,-1.165248673675118,1
2.7642132033388553,-0.27203616461823477,1.5306535335732887,-3.2858640172797147,1.4945102445554888,2
5.109918556005361,2.6067230591361827,1.816803381279612,2.5345056484805504,2.8876554258738363,0
2.5752050161065663,2.5006657213812096,2.04977368718096,2.0070631586281764,1.3396788605265528,0
3.25228366195664,-1.838700457337305,2.644123767850109,-1.9180111861752807,0.2476229048590033,2
-3.3421277484851153,-3.3658241554154387,-2.148969309767297,-1.4972155731048058,-0.20363917707303636,1
1.9643585177025165,0.38486818409449053,3.164739354457171,1.2654084232019507,1.1897475629856191,0
-0.9983681747914399,-0.6065454724755686,-1.2894508977022148,-1.5706591771982656,-1.6203603516140346,1
-0.014619604739706693,0.44696472216017935,-3.403558629563663,1.9162169001109353,0.2540381089211192,3
1.1160011432535595,-1.8675028565043545,1.6185105851759072,-3.3204934434050317,2.337482074726399,2
-0.9386290351268665,-1.467993801178057,-1.6383389387529834,-0.23881187513262625,-2.0003136726117745,1
1.4135848511112266,-2.6197721282538775,1.0912303291920267,-0.3154751653965482,2.8422973270139025,2
-2.3971953161459876,-3.1022697404558555,-1.652438386196448,-1.9133023005856034,-1.6443310514367706,1
1.2071271677376558,1.892969640045442,0.9647576775806259,1.446350694652818,0.8021221074111515,0
-2.978023023522568,0.5027676055158268,-1.2734883776639396,2.6937061125361854,-0.4155056248429414,3
2.462103474263271,2.19905969557347,1.3997831228412054,2.0698020849900187,1.6146864031382397,0
1.8724508796224657,3.5111549302473475,0.5488243099484411,1.9879110521539454,0.7476065555868809,0
2.707032359610785,0.08471292123101604,0.9920883045717939,-2.339759007647524,2.231607474168092,2
3.2863821369955337,-2.2570524088130646,2.2775525134935317,-2.933106077187109,1.0030683735978732,2
-1.0661895739250034,2.503232384532496,0.30563683736718916,0.9844186203494549,-1.1774270787995196,3
2.633919022318011,-0.025142586657607158,2.1864543147694278,1.338213535231612,2.852433334796224,0
-0.9542489412420312,-2.6417271436521292,1.374083982315398,-2.9782549380604775,2.1222430045470664,2
-2.3021805869826215,-4.603137087827299,-2.3613105619672905,-2.064184161288819,-3.010598219928913,1
1.370962138796389,-2.1176549316021642,2.015027750287097,-3.917348886010299,0.528873594626482,2
1.3537726901561968,3.775310892609512,0.80636316824352,2.9191541736100017,3.0005823180429783,0
2.106430227691897,1.7450227825791447,3.503992988582689,-0.650969808393012,3.0915068519224618,0
0.8784698525749726,-1.2906474855446828,2.019458255518883,-2.1385122446072247,1.5761099576776474,2
-2.301733053958636,2.9330666057209855,-1.9364580954390627,2.7032538280959475,-3.773775132202519,3
0.8803301053738561,0.7053185242790942,3.1608267873785194,1.5322987986881087,2.346503881730716,0
-3.349605255711928,2.0199954862064193,-2.3998267342865267,5.377382919082645,-1.323492523560025,3
2.0865897874729,1.8443227646079206,3.1677820616598074,2.254420843301213,2.337602662075202,0
2.143306305000004,-2.51590531313234,1.074607742357044,-3.75543789731071,1.3048506419231276,2
2.2132937073729386,2.0012054753622244,1.1829113689318094,2.659245668432405,2.937570137626558,0
0.4055723412056329,1.4006249770462271,2.005243699718183,2.046980593764742,1.5499345285207564,0
-1.3917328336558108,3.345935007838315,-2.174647945681628,3.360168130828013,-2.1896934934524075,3
1.062174960084877,2.5150352672086598,2.513785950912209,2.515047686306048,5.852731490654721,0
0.8795820810636108,-2.754866196571921,2.032143146964561,-3.7257711248125736,2.022339239318608,2
0.5059622067102494,-0.7448542116250962,1.5023274765709607,-3.2681368049753123,1.8317408655124585,2
0.05419384125606985,2.147820739036527,-3.416268859340607,1.357223617100052,-2.4588768450249967,3
-1.3208572245618044,-2.3020454994898643,-2.3294477863470915,-1.2681292957117045,-1.6649419709158826,1
-2.2336069609828653,2.201999010757321,-2.4949645508907006,0.984004568831971,-3.7447603876053015,3
3.5737342165551063,-1.5433119892696008,0.5038411868353503,-2.9182121665097913,3.3227444668851356,2
1.7045985898609706,2.168460976269614,3.31759753560796,0.9934574347203589,3.1398785611290454,0
-3.1195461283831687,-2.393529855969729,-1.8213052831895244,-0.7707852157029496,-1.3969053150511663,1
1.6299889701178722,1.7412039373328976,3.5986471705047167,2.560919447941239,1.7045196819708397,0
-1.4566091721281904,-1.9968522730936733,-0.770009631561317,-1.0173168572300588,-3.400070723183009,1
3.072541799572759,-0.5712398379632295,3.434309669352076,-1.7152454066144318,0.036710852161025764,2
2.5389100436846586,0.9627538456735436,1.8096613219163917,1.1243817466152428,0.6172002690356639,0
1.7635511632641405,-2.1196196243687715,0.8968156187669065,-1.179446497112103,2.1843090640781035,2
-1.21092479860009,1.3707793271526376,-2.7067067683730057,0.7068777495950296,-1.9161274982390664,3
1.7396909587285625,-3.510041211985252,1.7794617708434626,-2.193705379804962,2.540287944035695,2
1.4001786060829384,-2.6571349622780582,1.3022810961017552,-2.6534628957248074,1.6134583841022403,2
2.841780774784013,-3.0512200297825025,-0.5317693162508137,-2.227106007780926,1.8582424459724614,2
2.4620608932518966,2.7833905092825955,1.7484611139555044,1.4024898053083583,3.422369861698508,0
-1.1907413718767015,3.232328605214664,-3.5256624092868423,1.4030279720988845,-1.17985640587694,3
1.5308243478952952,0.2868654709091225,3.353872374165413,1.8854601547473822,3.2378163119734618,0
1.8093175992366535,2.217432873179723,2.870067730688754,2.4956818879726046,2.1504189051435763,0
-1.4138341996072166,-2.4124138182164803,-1.7428010296440726,-2.240665174530213,-1.992119815305272,1
-2.451445390324934,1.027172107417043,-2.037563509366191,2.569758919704179,-2.324176861040641,3
-3.132784951267745,-1.6496297836136617,-2.844324037183071,-1.8975153578417925,-2.4828275908069184,1
-1.6838440428172217,-1.5307324101914737,-3.535572123207106,-1.243211320013018,-1.3875312059863978,1
-0.5180392315634641,-2.2832180389452326,-2.5655763678739905,-2.471315721151118,-1.281582576528359,1
0.9141748711148145,2.6793732829565036,0.8512059648413439,2.666312500909212,2.462591292853951,0
-2.221536597583738,-3.176962112769968,-0.17945609205818447,-2.5663945912147232,-1.1683832138195964,1
1.1942003451157954,-0.9897254131639843,1.9556385444884383,-0.621532644546192,1.3284877930194543,2
-3.3124673034485497,2.5363892188475763,-3.671147164795349,1.1616381199991923,-3.2126571326233138,3
1.8308773143571837,-1.9204264650578342,2.758824416163609,-1.3036771379196765,2.2787998123854605,2
-1.5903146562534503,1.4030064115790677,-0.5069968955567965,1.839869860402063,-1.381639433740335,3
0.8122347600824731,-2.3973232525513617,2.534364898636383,-1.9089063937440869,1.1484600202206812,2
0.9577284119527516,-1.4295788266392044,1.668568628718497,-2.5186667196212102,2.8532015450515544,2
-1.3476938483897696,-3.6313351104170732,-1.519739498594075,-3.0551076754804494,-1.1772172191659975,1
2.8271832490360236,2.013001891877907,3.453534077157317,1.735343166762044,4.720169166589619,0
1.139434596186113,-2.323042368773007,1.6327629992007142,-2.421356807770442,2.6213467399691024,2
-2.577228725710571,2.1525258828976166,-3.5515374209681267,4.2143299425565965,-3.3477092303094036,3
-2.6683451948468018,-2.061075671352376,-3.058440633641653,-4.498061017492939,-1.799540368586271,1
2.248220586300336,1.540639100459756,1.1501556305352083,2.8303358165442454,1.1439161740911328,0
1.3070904047393457,2.8995998754332506,2.3072995208766094,2.81286211883896,2.629628841923612,0
-2.809890099089408,3.419035611367264,-1.7066479636770167,2.7298193622676306,-0.608079112320081,3
-0.8765727129042382,2.6769940973750543,-1.8071381568498093,3.5184220306521796,-1.5797314709434385,3
2.686857911012256,-4.06530277504061,4.121631307330203,-2.2831518848798757,-0.025039913676172976,2
3.22393634423789,-3.5714199983383006,1.0676287568180127,-4.28577724449495,1.2174086374518667,2
-1.4690243380359096,-4.17821131973143,-2.529466963507008,-2.561842099351699,-1.5206390465705777,1
-1.2061815328561845,-2.2973760792431066,-2.246383402514548,-1.013623494094063,-2.7119732272589228,1
5.19310756784486,2.298752908365686,1.2482089499048157,1.5736424037944567,3.148445709196755,0
0.8661696431936459,-2.4124790118879367,1.2613025016704373,-3.6270049208667485,4.022590230569481,2
2.2790215257703395,2.6078965097165394,2.1866091231563582,1.5535663854494717,2.1940899928983075,0
3.440117215449473,1.3236076979407303,3.8009404329108154,1.9598420493556565,0.5692248978819519,0
2.0502276991656805,-1.5204924519983913,2.7289411945704503,-2.692350774233794,1.340960725111355,2
2.409064938334057,-1.3333721165431092,0.650074362138727,-2.455198904816159,0.6527460824186508,2
2.2232809132553704,-3.1983921249520453,3.0841982440435425,-1.7896969597780046,2.198393517177487,2
-2.258854400369832,-1.6474950316431205,-2.5703513664136803,-3.820603300548517,-1.729942641608578,1
-1.4229278161648604,1.8219767099361617,-1.8448446571346437,1.6017169664574515,-1.8824113701127978,3
-2.2677655187248447,3.3227032199889797,-1.8244259150741782,0.9752492499236098,-0.15195980822915023,3
-3.014479726707414,-3.340072071123935,-1.567783309240746,-2.681380235069574,-1.0321739759747959,1
-2.645572072035395,-3.6610834155671723,-1.4967479352504953,-4.063403152479454,-2.317350492242535,1
2.186990209724664,-2.044273319844649,1.2710407499668377,-2.189014297682474,2.1802948805034443,2
-0.7625618653158608,-2.45730165508679,-2.042823381311575,-1.9419772651916047,-1.1515691177947154,1
2.7864062119958164,-2.559546285289469,-0.83303029014274,-0.640810505835975,2.7605061195841425,2
2.7223813578277714,1.627166847908233,3.726963851233405,1.6003638143853975,2.224684725751886,0
-2.3220281544920582,-0.6745678909049215,-3.4068150094975382,-1.4140957988353509,-2.736770135947622,1
-0.9348280342856135,-0.5473832545138206,-2.91632091907342,-2.83692070379628,-2.1403750589053363,1
-2.102103058891439,2.0375530766605627,-1.5993583616601632,1.2119237460963288,-1.5436440268673037,3
2.0242194566727583,3.4122205554154292,1.9203586087542848,2.452371796249734,0.9376064718531203,0
3.5360611817095284,-1.4024622941052718,1.2886967730505208,-1.8828757838501486,2.236223646264233,2
-1.2345978439866505,3.073412702410445,-1.5013100878644554,0.05750230903823006,-2.1554224325277596,3
0.39244013563102587,1.2372752214337859,1.2308576502127018,1.0600968988911355,2.8294748419317486,0
1.7823187967727798,3.09877685198719,2.8254163489880297,2.8135096360006386,3.305478807154329,0
3.091310120594269,2.609138120907177,0.907687235327421,1.6835915503051981,3.2130976999791834,0
1.7270666797744871,-2.8356890050200363,3.0972201916064384,-1.1328125871722612,1.5026456285859067,2
1.9412795728953713,-1.5534634930592885,2.199610418402783,-0.9058204524785245,2.479003143392759,2
1.5762403179772968,-2.453414108383854,0.20435682736998495,-2.330090191701437,2.732829081821745,2
1.10648490748072,-1.202149298617861,0.12655869604538328,-1.3541095797241076,0.9009552484451273,2
-3.1476913898156673,-1.914790550366099,-4.991135970900723,-2.186896158161985,-3.63047324371514,1
3.0800480657146485,1.5526781043412488,3.281016361735113,2.0678555105274032,2.8527736751222195,0
-4.4883273534129895,-2.6582484123338483,-1.5464912874455325,-2.9822940342546795,-1.9410157784104025,1
-2.8089638929258003,3.557905432318357,-1.0073718970205705,0.6550722129348276,-3.0751030481167554,3
3.3369690735559603,-2.0822536996714534,2.3064508629633407,-2.437737322404325,2.1819898826227977,2
-2.3056324424067958,3.048203967675276,-2.8381764823315314,1.399661340993513,-1.4064605677068092,3
1.9891328629650278,-1.862647520592964,4.9181735550600925,-2.184145815683202,0.8698212705153165,2
1.9972138893330988,-2.533090402015833,1.6559360432957735,-2.374534150750251,1.0200744252177554,2
-1.0942823995026347,4.34562416189644,-3.4000712344017385,1.8961875155970331,-3.180460485232082,3
-2.56320973404262,1.2980427017048781,-1.6147873477406458,3.120685706422595,-2.1332787152291557,3
-1.8038685409760926,-2.904068289736,-3.548960525053475,-1.7420240187788192,-0.8961226566837424,1
2.3384964074944143,1.5847120860991988,2.632781866106285,4.270692857804396,2.181866255058495,0
2.0969959649927183,2.5951570254369134,1.1817793167665274,4.092387275685461,0.993982618500298,0
2.023195978557375,-0.6489842475129997,0.4874710347011244,-3.330705131330926,-0.17796773219468776,2
-1.9483390231489202,-1.7709253117942974,-0.9256819872844386,-1.7756603432219173,-1.0959824452386857,1
-2.060403729196908,-0.8722197493661015,-1.913889131741022,-2.7469232850701677,-1.0098337610407109,1
1.424362173762226,2.1220098146453616,4.560084538268795,1.9039401002753502,3.149273326285676,0
-2.295089914237906,-1.0241832806552909,-1.0815455560575862,-3.2457173764463843,-1.9450658890001513,1
-2.3171028325739655,1.196565725828743,-1.4287757897637605,3.3906435959499572,-1.5299863387533386,3
-1.0524880914244328,2.67469497780862,-2.6183650200441297,1.2051063529983095,-4.072355181695999,3
1.612298440064016,2.285865390724905,2.334456789987025,2.6585442726728306,4.01020453876635,0
-0.9616211489806834,-3.519346075476842,-4.832155598110569,-2.451158858408999,-1.4482592000890797,1
-0.04674086247343179,-2.525879675895204,-1.8222498937319687,-1.5995186134936712,-1.8689348137841513,1
-2.496932025117978,-2.1825689743795413,-2.9899577925520138,-2.035007610006236,-2.811000863628845,1
3.0831452126607344,-3.838518623272071,2.8981173241223477,-2.367784526571055,2.7025333139338557,2
-0.6445571988945042,-0.8298012908033963,-1.865703502752207,-1.9204021376239635,-1.4459422288840929,1
1.588975063496827,-0.9783770159269611,1.6212401633969067,0.08266032210979768,2.430862419015037,2
-2.840771889898625,2.2206308043071634,-2.352087747453881,2.3247582395335415,-1.419432312964385,3
-1.984817057459567,-2.974806575922842,-1.3544122878258067,-1.9806187623019749,-4.320315598230423,1
0.7851938641113567,-4.208280776228252,1.769413601476387,-1.8641405759183431,1.947494931461348,2
-2.0527551080007655,2.6534789819517406,-1.9310938668790278,1.8673959217595033,-0.8229993632096628,3
0.1591257686683547,0.7204230332642985,1.3751814223043213,2.026091050210834,2.517659020469123,0
-1.4416635767882946,-0.14335256343804526,-2.481765971093475,-1.675541395647483,-3.8038627925623647,1
-0.9453793715126817,3.0247741122817278,-0.8314196357266186,1.0011791306659505,-3.222364614987239,3
3.1910906831461916,-2.146853521255301,-0.21977794745185086,-3.399681504732686,1.7506303748275187,2
-0.9981751463180628,-2.497570838385207,-2.782003492511037,-2.759703117480287,-3.7710685530880914,1
1.4867864335284149,1.7714000846599813,1.0056506253914876,-0.5623336587953105,1.808972237399831,0
-3.075312393049238,-0.32360697279179695,-2.945506879942731,-3.1533505105959594,-0.8626854576352707,1
-2.38281748098675,1.3939161677803413,-2.4866763228815967,2.943597776272946,-1.2934945364527473,3
-2.165631410317632,-1.9214229702808503,-4.128734094414812,-1.5418318852113013,-2.9797212247168066,1
2.70759182197462,-0.8217471524519977,2.4081359127783566,-3.375634088786362,1.526354542348809,2
-2.6368823889389574,2.2071394367785686,-2.2392731471518514,3.4781212260994843,-3.4823967869957686,3
-1.2494208324782345,-2.416194404885254,-3.130069339040358,-2.4500128579958136,-0.7428507831374271,1
2.270456825779839,1.9497618905508631,1.7610519531335902,1.0924363379584021,1.4232286694316674,0
2.1396516742158966,-1.93497536881122,2.813280406064593,-2.843853877424899,0.2563273976034639,2
2.693217601658704,-4.027677271670848,1.1139597530216228,-2.332579379849875,2.703140197236049,2
3.0531528533329038,1.960444846143345,2.6815006973726243,2.028318376130461,2.029756139495745,0
1.0838080845187577,1.1681777917695553,1.9328217099506448,1.2842400108892482,2.68205206571262,0
1.4558859978858074,1.8372070939277059,2.040919175395721,0.9978125442185273,2.7408243454201258,0
-1.3265272038417693,1.7530816725105454,-3.9259778184451015,3.7872399646046686,-2.433990462215957,3
2.3429263773213425,-0.7565308716540364,1.220624674739883,-2.651888582531381,1.6910399854020925,2
-1.539584350157176,1.8604579570720965,-1.7432167426752772,1.7715274561904595,-1.332934527271646,3
-1.3959483550783767,1.5899705884610893,-2.07083684791609,2.091124867253377,-1.8923005508933815,3
3.1210306673244714,2.000207064918197,1.9906996788613855,1.6721052834870822,2.155190683858979,0
-0.07137717933815724,-0.832258074472221,1.22495503698376,-2.8544934627380543,1.596934131963278,2
2.5161440395863797,-2.652528293216645,1.388822847980673,-2.527994021765614,3.3530691601664073,2
-1.0626325857463201,2.8301613723463044,-1.627157751344175,2.220189314205133,-0.9676106018736033,3
-3.2094353289590587,3.2428268933268276,-1.2728320111078995,2.06589160860224,-0.33485761745621856,3
2.3506300992735594,2.4891871301476636,2.6347214685617697,3.109699841956223,2.4098186569285125,0
-1.7816612495578392,2.96793194876499,-2.7178532143540357,2.7958638123412265,-1.3456118659392367,3
-0.9636971079275203,-2.595534935183859,-1.0994669226684084,-0.30056401699129043,-2.4017950269416337,1
1.285648581973632,3.865774511144757,2.4738329209117875,0.8086965027973514,2.6565536086338297,0
-2.7783085530065033,1.5565705817649644,-2.270270367674609,3.612868370707128,-1.0533816916695633,3
-2.0487656518431154,1.0114709921340994,0.2409265562057925,2.4764301667171247,-2.1532605533993054,3
3.3281941418490577,2.55623000940066,2.4558877720816077,4.165002344901084,1.356481769619857,0
-3.0501407396021456,-1.2425048506625145,-0.6294638560032866,-1.3047970999160006,-1.716248976338499,1
2.9325908318730898,0.5816342670669683,0.23919118801922412,0.47434368542990524,3.262584103427182,0
-2.790899381667553,-2.779852946221639,-0.9180151907500578,-3.349576211551532,-2.4152137679052714,1
-0.769125486845265,-0.3149857212914906,-1.4371191398256453,-2.8798143535020544,-0.012938888300558782,1
-4.114693599073735,1.576098927667404,-1.9367678534868988,1.7241600401035435,-3.158603263659485,3
-1.760127247715275,3.48547736927255,-4.04743718577075,1.7792712430416335,-3.3326784410252035,3
-3.372465547884101,-1.677025496382332,-2.0610039718553836,-1.4997595305634301,-2.533600306439167,1
1.4172413423884178,-0.4388171582764291,1.8657208378136958,3.42274813609994,2.9262154022415925,0
1.937320902726828,2.9551423205012384,1.0142739536644563,2.504046515517844,1.4697423816275592,0
-2.0661659345464347,2.258887515712706,-3.0658027113487583,2.5948543733972445,-2.6132118924759964,3
-1.8191288885175676,1.5084555861930955,-2.627048614697741,0.23194328082560278,-1.9804541552018182,3
4.500900497934282,-3.0556394897985966,1.646314240432994,-3.232431239164,2.952461970536169,2
-1.8319846594674716,-1.0547884653885164,-1.4991684089957884,-2.87847380134206,-1.2575410864073797,1
-1.8105201787789194,-0.9925560268048015,-3.2549226680022922,-1.8152895252189167,-1.062084462489345,1
0.8792323493037504,-2.057397463786794,1.9491992113804664,-1.8393500596468835,2.6622629821596195,2
-3.907807557877391,-2.8603850107795017,-2.413605533421644,-0.1123123426598096,-1.443446875466242,1
-0.8788118574300954,3.6000978468204785,-0.47166843651375445,2.7570320650539775,-2.252624868802637,3
-2.1224359897473977,1.0914974884878088,-1.3958925445609558,0.3828281099544555,-1.6536872897751134,3
-0.4731873364227348,3.9025582052295595,0.8652120230859626,1.0980073505568027,0.8242204263952031,3
-1.9342623399527126,1.7316312008626191,-1.918708574957519,2.4845913788392746,-1.7325246111019388,3
-0.33333674077247677,1.3216653706645065,-2.614143531247185,3.524517181115903,-2.444946390895253,3
3.959837254744675,-1.5493869505686118,2.082772903785426,-1.9632171668257652,-0.38430678878574565,2
2.4300416471910697,3.030283454031842,2.2387891590265134,1.740957854179297,1.8036501509150218,0
1.719324923133226,0.30704318580461454,1.9016603732052502,1.0114088928490825,0.8964106827842291,0
-2.238110436312054,-1.953997252746726,-2.9046143749937663,-0.8272431547325552,-1.3345831763082212,1
0.0245334336461287,1.0606646061812457,1.8559124442783845,0.7903052571588924,2.5999287299962046,0
1.8656912585294523,2.810808273159782,2.793488720552213,0.25146802676181923,3.3043402428781525,0
-1.4295126691364266,2.10172320847177,-0.5019882296955724,1.6871635269484777,-0.9690806616330929,3
-1.593152364860217,3.0153923286752233,-3.171831300472525,3.0270604268730175,-2.6478722896465214,3
1.7918777496427247,1.5069990653411671,1.4106352430557885,2.8496020970210245,2.3570154859650474,0
0.3059465859677397,0.6006578341512292,-1.2035696333578896,3.6639862798080998,-2.324857926498546,3
0.045654547677154156,2.53034290167058,-1.6955077983198552,0.9424853297065685,-1.3766576993251713,3
-2.2927579187724545,2.501900233700672,-2.0288166015886233,2.3149718715553322,-1.785017182545452,3
-0.3989256938356074,2.8918405795948128,-2.1546497065608334,0.18670652798284149,-2.0193183042718355,3
3.7984800871381177,-1.4470947714005185,1.0634079937563579,-0.8937684411400313,2.2006986942888784,2
-2.5561187467607804,-2.13006029355362,-0.33093047417366894,-2.9425580057918763,-0.3852212092901486,1
-1.533454688549873,-0.6537742437972518,-1.4777493639822215,-2.097915246442904,0.2724347204468818,1
-1.429387002780469,-1.0318153394671388,-2.331308383183323,-2.6122367345077504,-3.085150526557798,1
-1.5085705472798003,-1.430239642801353,-1.8045182684467092,-2.098845201239306,-1.564024610499954,1
-3.7047757442280442,3.0525473107347487,-3.842936906247676,2.247271452108756,-1.1134205072423504,3
-2.6938044179018226,1.900685662207968,-2.2724269009308715,0.04540699551672445,-2.3103968037559692,3
-1.6578939603495817,3.917259148426123,-3.5255717080610838,0.8458366152204586,-1.1447984922517374,3
-5.170425735878055,-1.7893991607023583,-2.4884760801103596,-0.407330001717116,-1.9806559291882457,1
-2.484628564600081,2.1434176306814763,-3.0756504835748872,2.336583045459035,-2.457684561679078,3
-1.1717703098153773,-0.909138329396302,-2.462939512025258,-2.1499407190791096,-3.433151814524712,1
1.7722803851642472,-1.2845069032305148,0.6009215718155245,-3.5202867922406096,2.450962634776477,2
1.1015320182089627,2.0281811573691284,1.9908810033557964,3.085895565831578,2.4746982328799527,0
-3.080002608382132,2.1627966180999127,-0.5049696902641625,0.6870314700527271,-1.6060247741355975,3
-0.5044282635175736,3.278434957965715,-3.001009544482814,3.033189864363148,-2.651442549863681,3
1.8720824085192334,1.0444595593995742,0.3935536797424275,2.203463635867223,1.2436492547156965,0
2.4367385517335096,2.4042947549616978,3.235782191822154,0.9289463203509511,2.6802161054504494,0
0.514439626963028,2.267050265869259,2.889630795623437,2.082283989275424,3.065480375065351,0
-2.1815031621356673,-4.177065046442855,-1.8215233361146104,-0.5711422921864326,-3.4741321320421057,1
1.2432049114305392,0.5781893332581562,3.5013336519554867,1.6773201611578643,1.7491669835449526,0
2.6988284202025348,2.4209729443893897,2.4920188479927994,1.4739651573324197,-0.15334291987124438,0
-1.3029490211602734,2.3918812622455845,-3.034597959606655,2.6506676287920863,-1.5740890328985886,3
-1.3897838304107775,-1.8430270390315657,-2.5865312695639355,-1.775783595709207,-1.285390209363382,1
-1.849525501226099,2.157634558440944,-1.8050449075878126,1.9758708895450265,-1.4893993095896865,3
-2.457676992988433,3.07147593025456,-3.109750127888274,2.3232471875335623,-3.547569794136311,3
2.858139070934016,-2.1231364353522677,2.602580267978341,-2.4456503030299945,4.053818690086596,2
1.553485047932979,2.8563987943234723,2.2140937441302038,0.754261221288012,2.173180925851182,0
0.8210765087016747,-2.21966945235096,2.609526045208601,-3.5553737338412423,2.2008450931157095,2
-1.427993721699527,-2.7047284356108836,-3.5375847964491753,-2.144904579081431,-2.44594371386116,1
-3.419877164270929,2.1144760588187794,-2.1085278425648477,2.8268386307091142,-2.104009227724695,3
-1.824788581091488,0.98525900260341,-1.6325183345256957,-2.313529686172398,-1.078198498022748,1
3.0829999385168687,-3.0763811874020583,1.3262098943405236,-1.0424628367202327,-0.7126125638104379,2
-2.4489083873130064,1.5938896429765967,-1.9032450815611996,0.385250137708669,-3.4455181477453234,3
-1.7886034325293412,-0.9373427092124735,-2.3756336657655357,-0.6488859100132849,-0.707254710481793,1
3.3992279500711593,-0.46085765418934965,3.572398210270327,-2.282125776933911,3.2307029049844704,2
0.4970296716048468,2.2537396614945733,2.467693171765433,3.085786324939347,2.0979831534708953,0
2.509683077242329,-1.1882944283867345,2.331918447707887,0.935406206388468,0.9720762349892611,2
-2.2151963235601806,3.1433981071495527,-1.849864346043797,2.7124817644338046,-0.9686194747226691,3
1.7610679008303056,1.6331755881853125,1.608241850956178,1.0775898155014976,3.6153756894694418,0
2.931280119116199,1.1607824767773613,1.6907876241487854,2.331263431403564,2.975545127122359,0
2.3383574419359596,-2.992578006728823,2.0204171672129183,-3.465673857342095,0.23094969626060124,2
4.412615421612916,2.784604287898024,1.9807396202656053,1.7371091707917323,2.0224658928120465,0
3.196631486645651,1.390217095680618,1.8659828333270823,2.0146881947291972,1.21510168691776,0
0.5025533313942514,-0.6367710248677496,1.696373927101999,-2.4888861190436913,3.5889403284440826,2
0.004423303675170853,1.9026888492984089,-2.2981525261999005,1.3079348013353083,-2.068202530332669,3
-2.141708721701824,2.8778260312391257,-1.2092406877674708,1.9779699274830596,-3.7681310327067186,3
-2.626315276183007,-1.5059360810244804,-4.854626662904391,-2.8568518651277994,-3.12605396091105,1
1.9451059993837136,2.285554074857657,2.5211224283793383,2.645215585950057,2.5556044660034485,0
-2.9077561801469205,-0.4807160763582312,-1.4892079114724053,-0.9694194143759427,-2.657834553852137,1
1.945221639661175,-2.9224129848439535,2.007362681423567,-3.478546936998799,1.5123665790450371,2
2.0759552679160875,2.7426824183597223,2.4822489526806573,0.7623375776727022,2.8691560643892733,0
0.5872742410994438,-2.5168468831738284,2.6190329465885327,-0.6079612484129087,2.111129375296512,2
2.9382838059759977,1.483955271782626,2.0961207769409835,1.5377247112949575,1.5655037725676844,0
-2.3246196743979413,2.2377317279059863,-1.8969217784691519,2.023980019015593,-2.7506268219767556,3
-1.85574647771796,2.330783806538236,-1.9151345416388958,2.685619374218483,-1.687134348509089,3
1.7366921931220838,-2.1570248284447078,0.7898390565858422,-0.40859963223719586,2.876714186386116,2
-0.7032322929992372,2.6778753195309077,1.3459243168725763,0.16936710314354309,2.5112025995249807,0
-1.4074327261526693,-4.704391631602775,-2.6298845523638104,-2.4882738424515445,-1.3666731739287616,1
-1.7871756013300313,1.9896477100922634,-2.1738738203145864,3.3385921382956067,-2.7051105201659604,3
0.8124015809704872,2.3098207102270276,2.6337768809320985,2.4137990974514985,1.8147123411222916,0
-2.2171310749462023,-1.473463316327693,-2.4774107061928006,-2.6498268854974363,-1.915831769814304,1
-3.4766572235180533,3.0578010075419186,-2.532143890173102,1.6114317795087971,-3.123878405125594,3
-1.2502545245616523,-0.014901232506608242,-1.6656729454464965,1.7100186455633601,-2.838500616383952,3
-3.0175847772133757,2.8601826383951567,-1.1897399556246662,0.8445482061823404,-1.274918955552492,3
0.920467147833961,-1.0029406435463586,3.1273500893554855,-3.12984985721856,1.1761631303588458,2
2.1007910726448062,-1.9587125444125606,3.037158898658243,-1.6655614851514784,3.4780718983564443,2
1.4772769794809606,3.0490092258368895,1.2956563094572409,0.5915387036364403,0.44337082647609627,0
0.7495922660302825,2.604515326355367,2.882333062323409,1.5479096671669197,1.5299578522404986,0
0.8528404889882886,-0.9100950409091697,1.4288160259158134,-1.9561712005395717,2.955802745112481,2
-2.19819567637972,-1.4898425310848165,-0.7274298370714305,-1.8736858005167998,-2.469130854210409,1
-2.790770919085354,3.015937223563556,-2.4033797459686825,0.5148138373000679,-4.0494744856696805,3
-1.9726866201485613,-2.047370702544436,-3.5821767633461272,-2.9403989164843534,-2.5607609069798603,1
2.4283070972076484,1.8128557349954513,2.985729995679863,3.187386051564751,4.589563642018614,0
0.09793933913243125,-2.5256309339853846,-1.9675929866598638,-2.6724855960063363,-1.7767291640797391,1
0.4810302191866853,-1.4954181855226096,2.6265383633369423,-3.2395622860802398,0.4971293913176107,2
1.4982429564154636,2.915402117702074,2.3287511096596845,1.4702397962329612,2.513267433113356,0
4.497415126419854,-1.953993613263659,1.358885739775355,0.8243305910030463,0.6810315016974893,2
1.8149023505787814,-0.7878707957665139,0.7604119874749717,-1.3921596612649916,3.1013301648895504,2
3.221033695525353,2.582097703468616,1.773515901150168,1.0405607632765204,1.627793223928947,0
2.3764095260975164,1.0979484456424897,1.1303369187253056,3.1254347844147694,0.8105881071326722,0
-1.9321614860830623,-4.019927332156136,-0.5580549941981101,-2.5123742406766936,-1.944136060155503,1
0.8629671168525126,-2.821814828421346,3.302590396786232,-1.8623380591319538,1.4494129329992935,2
0.8416353108074572,3.5033983017671506,2.8773622905756713,1.779035826170336,2.026885838994531,0
-3.1738799644089726,-2.197937728984682,0.06790633816355207,-3.831682247206026,-3.0513099116393443,1
2.4599721429391166,1.3222846302478939,4.013387247526623,2.1365353310827375,1.6346784486878914,0
-3.0701915628943315,-0.28095938715817903,-2.896332658592062,-1.7806976627995639,-1.2081406896119324,1
-1.6752184058898854,2.4799397411482786,-3.0071949875269786,2.168230541183694,-4.1613038863023615,3
-2.7346710936768597,2.9559358223307624,-0.8164508974183953,0.8353366514876053,-3.20391364896638,3
-2.9345938948984713,2.077585389486391,-0.6032398226015088,2.4449683153761756,-1.9689365736010687,3
-3.0188051975907135,1.18531434676233,-2.4553424231453125,1.6461410371798961,0.16552145220655667,3
1.84147042697303,1.9726954604900682,1.066732040926804,1.5567177488084898,1.1151972859730992,0
-1.618755344837901,1.95939376832147,-2.096212262040579,2.25893042822569,-1.4631925307750961,3
-1.6768145175417941,-0.7161831401464387,-0.7050144151830442,-1.455779647659653,-1.154197127437072,1
-2.4081008391602206,-2.9958153947902293,-1.348863758176343,-1.1415488833433347,-2.2346205699574138,1
-2.5309708978119643,-2.3351377811714515,-1.6576621655103785,-0.4458395792852259,-1.1460240234477763,1
2.4724062778803773,3.484116028535965,2.35561334878566,1.6869419694768457,1.9992914054233542,0
-0.7794493960687674,4.013554294648699,-1.7559015564976135,2.273911086847179,-3.5231724641738476,3
-3.7811584144656334,-4.230468019124459,-1.7733157515054028,-2.5615577463306254,-2.5530898169141323,1
-4.099356264419026,-1.3167769852111921,-2.1148022487590636,-1.4332282738158204,-2.6573725539947244,1
3.7945578635177877,1.4823887009638286,2.2237879516388985,1.9835771039272478,3.188393273448084,0
0.9608888316322608,-0.31245194476320637,2.245114284372618,-1.2732059535981963,1.3718506002443576,2
-2.4012092065446775,2.7095994793835665,-1.0719843408483132,2.2084919705755808,-4.354482922696603,3
1.7419544843888386,-0.7314167643525307,2.491412756355527,-3.22322023006193,3.4246277320772434,2
-2.399899062131137,-1.730705247419266,-2.044893030122537,-1.8174989694007866,-2.670115200454233,1
2.3015473423336124,1.9652882302947567,0.831321962380468,3.1428228145150205,2.7519330326867744,0
3.3171150673398655,1.8819314730089212,-0.12185489900859459,1.3921780129055676,3.296994546561109,0
-3.8800100339077637,-1.2872879711386687,-3.883150208058584,-2.372319052937923,-1.5626868129610392,1
-0.9725206566473084,3.974078687745024,-1.6227367406577735,1.8127726784931197,-0.9673424833779878,3
-2.543420429776517,3.2638559390963886,-1.7374971091481661,1.215836141640167,-2.4707550991247818,3
1.7658630430508195,3.5792128155073915,2.767434729152909,1.5305256140650478,2.5425600435859645,0
1.558151072759176,-1.889113617171582,3.704592093297377,-3.1081124582588693,2.9760407193559466,2
-0.5686332181688165,-0.9182332723271713,-3.3122191934314063,-1.3779300096939513,-0.6710666804645904,1
2.1647608412365167,2.050887701856018,2.173341664370408,2.2439531979085,1.7767977453651949,0
1.5157416480691697,-2.0459288287401605,1.98343159017748,-1.316675488483908,2.5907443355103257,2
-2.5012341077902125,-2.4485428365278614,-1.7614450462262607,-3.2905614219462187,-2.1432589153641928,1
3.9723444790822002,-1.5357487618769965,2.6091355190535137,-1.4275546938448982,2.3970466698824,2
-2.111847104086313,1.5473098514904666,-3.1678653072917102,1.6716247405831977,-0.8922789040175514,3
1.7509639604436216,2.5765569630557663,2.311250154543536,5.078880808455238,3.1195749114345768,0
2.4806085933473474,-0.5534367087486325,1.54014073768486,-2.429634978527509,0.6988907336086547,2
-2.2998381962748806,-0.09586341042699309,-0.3740410846379367,0.2187802334481339,-2.1590452104000515,1
-1.1042037817640715,2.925281892716831,-1.8313486323898045,2.6763570476749083,-2.037687120742238,3
-2.4179095457658906,-4.025807873111377,-3.0708524186844386,-0.08858091286027658,-3.2804555710024665,1
-2.4519493719118777,-2.7893385057196745,-2.0070449854805545,-2.2156095785680225,-2.3718578822786656,1
1.3698571698576532,-1.42595806911597,1.8901358768980643,-2.1840868670159193,1.2278076121956207,2
-0.8282820852838404,-3.176173336554781,-1.5124397029132814,-0.8181089070400385,-1.5190919072511047,1
2.756988616645352,1.0778346758223747,2.86960592010566,3.355637858804951,2.413434903223701,0
3.8884369396142566,-2.164241985032032,2.697586970339199,-2.8360916702196266,2.308009902217341,2
-2.5193963718261267,-2.34090787734608,-1.5716833076247625,-1.9228435037822833,-2.593811408068705,1
2.4037300903366097,1.9758043936090839,1.0962981392698719,2.3243592817216028,0.8209602088401975,0
-4.19750100526203,3.26871389457657,-1.8097767781551062,1.6203755033231662,-1.1428416115767117,3
-4.364855372791512,4.052073311421935,-3.7059590948907353,1.372907175227704,-2.040917535195069,3
-1.8720727976254208,2.63572652644055,-2.499247614494655,0.12675988818084805,-2.450368191256668,3
-1.3770559695866917,2.641541644936012,-2.787036278933299,1.02173435073376,-2.506634833787919,3
2.655892137787583,-1.0360930659241374,1.9799012482303484,-2.7712002995492906,0.22603038388787056,2
0.7858113872122678,3.1581108735000676,2.7916626939629356,2.624119817052155,2.62834550926428,0
3.0807807255546216,2.833922154548904,2.4591800792284366,1.929834288541353,0.3390390664840086,0
-3.684667577226387,-1.8090834758562893,-2.036330608042342,-1.8530647016133122,-2.5221315700199924,1
-3.5431182279428706,-1.835705234629431,0.19622314215279912,-1.5070135414855408,-2.057517753005463,1
0.6799774887792942,1.3882309090947147,1.962963202951588,1.57069777548274,1.307579020126144,0
2.4215866106144555,2.8389405004696124,1.382746813453077,1.4416982460539693,0.8998457670283051,0
1.1567534046838084,4.170942717497814,1.8241141875676634,2.1232048067844858,2.5514853760404677,0
2.1281044149107893,1.3189483425251192,2.840643548988724,1.347376020697609,1.5538165667852204,0
0.7791563500289778,2.2088635950047553,0.04032987612022443,0.6718139511015695,2.1968612358691235,0
2.0155790475814674,0.9037249131047982,0.5599491174057056,3.594505063224972,1.1530386516816722,0
3.7388996637975787,2.9788580507817954,2.0853181425650242,1.1917342783590736,1.1695555934434347,0
-2.5491589417637766,3.330432344378816,-2.1205871884734697,0.6598751043452142,-2.485678744575047,3
-2.6304584541854776,3.637082407992742,-2.780143881387772,2.7352693099749876,-2.5591638350592083,3
-2.423598581728177,-3.365617404190149,-2.9741218462163683,-1.2965720832126912,-3.307369782230964,1
2.539764512828342,-2.326535852534571,0.8290751061925463,-1.7976166294013047,0.44304891329352203,2
3.4164117917002925,-1.226760013334241,1.84216249015974,-1.6917079363611789,1.3996143071288942,2
-0.5347894965186191,1.1084565101454953,-1.9302957305707198,1.349343378663805,-2.3266475631886117,3
2.7783610761666377,1.4488142836714666,1.181801116577693,1.996625542589048,1.8298153774750716,0
-1.2841272553090404,-1.7729655211351112,-2.32406817520897,-1.4085578482481451,-1.319779639523309,1
0.8859186417669125,-2.63093083373779,1.0579398164257552,-2.547995818741138,1.7858496892888112,2
1.5163413625624316,-2.2467244241144404,1.831580287971119,-1.3963542610392614,3.3746112675765545,2
3.502734326305588,-1.2237714952758938,1.5160665550487669,-0.7628191997109908,1.7455239233546584,2
-3.5450564074064355,1.636687991611455,-1.7034273233056918,2.533695248006193,-0.5070473772461723,3
-4.624817056374112,0.5490097087177221,-1.46897390510579,-1.851123196082309,-0.8184322835808537,1
-2.4040953118323998,4.035531456719594,-0.007905592502546632,1.8688886613195173,-2.5775342640192127,3
-2.1196589024731503,3.514280735720484,-2.218005631121124,1.968738585845754,-1.8300254602507307,3
1.0064104844059638,-1.864075432781652,2.0844667863899473,-3.0692544937550803,2.956295002091346,2
-3.3575175398419352,-2.9006713825124804,-2.9642000714232446,-0.9199439408606898,-1.0572114858599244,1
-2.2730067480225844,2.5850213322877984,-1.7188079820897246,3.8325612403560125,-3.5302791359297876,3
4.314658566673509,0.13273480740825194,2.6862601903745134,0.38728412881034835,1.5280681342105664,0
3.062853693033216,0.33782774538829985,1.1392431982981803,-1.4657921376253253,1.2732580951179808,2
-1.993618459036685,0.15174146992158488,-4.044629003801268,1.4210157800600953,-0.943898748330011,3
0.6971552364752547,-1.547932161740329,1.6440259156141672,-1.9708094960644325,2.6979740301300974,2
-4.385113698693036,1.4347412607895964,-3.8119893375620544,1.0493093065847447,-5.138514666234039,3
-0.1518908958944476,2.540017801723141,-0.9378325524113398,1.6764850532155429,-1.985712788116011,3
2.5583269125217223,2.0760053914124117,2.538755992446369,1.0793264069206336,2.1693608240360778,0
2.771698710648345,-0.8485426206300755,3.1487657003721035,0.26028622122190037,1.6375590585968678,0
-3.37383482489866,-0.6215303725384953,-1.884175412773054,-1.6103954759080121,-4.220421008935126,1
-0.8564339550713871,2.1064939802900917,-2.8432983112849524,2.7020303236673264,-1.8023244330457548,3
-3.257868155908888,-1.2686197474250076,-1.4095779387485365,-2.142146536940546,-1.66131268207831,1
-1.648337645025941,2.5686446160127705,-1.617078289942737,3.626430734608859,-1.76395693617563,3
-2.9600462952794637,-2.122708933595724,-1.9066276257233488,-3.130203724673924,0.41167667557842114,1
-2.607646345373473,-2.13731096578888,-1.0422083855270943,-1.7923966485993743,-1.692323346598886,1
-2.1845253576558497,-2.6047446645382126,-4.20556605709907,-1.102933803112868,-0.7251249587212778,1
-3.0857477107815496,2.0297961651214242,-2.640154456834612,3.4837439102037067,-2.734810897534191,3
1.990817646614861,-2.5177574472222197,2.217802339748726,-1.5244115640714175,0.2531043086544451,2
-0.25263680208444184,-1.0678084357396154,-2.236555287218946,-0.8643798528170559,-3.106293512411634,1
-3.6312758154609455,-3.2374266382225727,-1.89059152816703,-0.6713591717517688,-1.68681552613502,1
-1.5126947629550052,-0.9280701347882028,-2.879282782411988,-1.6514048801390195,-2.1251744283831644,1
3.7495839042054206,3.3814540786904868,0.7077373048943814,2.6897078052451944,1.4970252294486568,0
-0.7333387468015877,1.028937970892267,-2.113158494456084,1.4447269119868285,-2.9875229624269948,3
0.8942953315140643,1.7850789697112646,1.6919657158142587,2.77966053226934,3.3103087461196083,0
1.4573262002659781,1.212216248091761,1.3791524017488839,1.8318561814152103,1.5279094223028726,0
-1.6375501184054735,1.4901060471343672,-1.8178293722878984,2.8918776345702746,-3.227014077288536,3
-3.4878617034906227,0.8748138982688383,-1.6111810897362866,0.8261266736939712,-0.8873656947966981,3
-1.4972551925091855,-4.4932708203300775,-2.9656648035232083,-0.37083363509905487,-2.581782033392054,1
2.97845780566655,-2.8105286298216265,2.856975536982786,-2.0684464926664154,2.028775564080999,2
-2.611385247388628,-2.092944206613588,-2.23950192202175,-0.8831662244700458,-1.8135838302559537,1
-3.4194331965450098,1.1425575704527833,-1.8017826722791799,2.325259498229582,-1.851452096407361,3
3.6814924574180155,-2.883868895140729,2.147298000389084,-2.6804940477640478,2.614944639031378,2
1.394320000064202,-2.032042370680487,0.8190275163356144,-3.1516811090343433,4.111296334099585,2
0.7140002934835064,-3.0884112356728455,4.560502959355684,-0.24907405807285654,1.9684814866718958,2
-0.8622232193313377,0.5786500546814528,-0.2477080908779683,-0.5089571784950757,-2.7687664100385208,3
3.0859821161750323,1.464036554885952,2.808057798281145,2.3672873134013406,3.8381836767951225,0
1.5231235393561644,-0.3228841298131291,0.5394991005815122,-0.8087393183681675,2.675137056406921,2
-2.0191221798537073,1.4540380728850721,-3.3496496702201406,3.420184938781949,-1.4078860997150815,3
1.6948111545192481,-0.9530882055118606,1.6647559181319733,-3.3410647133015687,2.7436517755401733,2
-1.5152653520310762,1.6982015066037472,0.5303696686416894,1.772107441234166,-2.230786152102722,3
-3.7047859057901142,1.7520457926721105,-2.4799681461487264,1.4840190106509206,-1.5831269374099597,3
-2.0016217169633803,1.822831884885238,-1.7511060308667437,1.6088436277471574,-2.4290372480926656,3
-1.5710320514514828,2.338758162280366,-2.128398265917609,1.9317137922357093,-2.263423635119504,3
2.785185082310376,-3.7776809623702015,2.714745649888945,-2.2337240578517257,2.707457710864381,2
-2.253676077542381,-2.3451647054497964,-1.5107454649236725,-1.313646444985467,-2.838892674025736,1
3.205818420716043,-2.9367952349593827,0.6279208127303859,-0.820057869961536,2.731898069234381,2
2.074094780419775,3.628615545571292,0.6198985417851086,0.29661756064484535,1.9444523011033812,0
-2.474178175103965,-2.771771957392875,-0.39047933422402714,-1.7725041242679462,-1.364032249288262,1
1.6540806709528293,-1.110846175212194,0.878248897144112,-2.7668640380045524,2.068072269248621,2
1.774506576665364,-1.7044883084096614,1.4412041811150427,-2.3120719320527328,1.662184905808597,2
-1.8519105802017237,-2.881068336661292,-2.712220763649051,-0.813265379822669,-0.5636645942940215,1
-2.7380570836613916,-1.8187488373979497,-1.5397283750176962,-1.805157659729862,-3.0196953197088567,1
-2.7424867777695994,1.7854623354820365,-5.601085104459518,1.29871042920845,-2.8758148246462936,3
1.6192365961381956,-3.269465266012813,1.8316995768283573,-1.4008966681364052,0.7922406074566477,2
-1.2117083433639964,2.9140771642240337,-2.9870461789363154,3.615872490122314,-2.964893300186384,3
-2.475392242214542,1.164129744381694,-3.0958708107987176,4.768373605625943,-2.251551900184136,3
3.0736317498597723,0.9734847005889398,2.132969674146876,1.299879185060827,3.1950466289248425,0
1.6120350310925478,-2.1761335035509783,-0.8995138798684819,-0.32865242456252375,1.0986243201028256,2
2.140886246911204,0.23156063443714836,2.3231677141847813,1.8523974137013313,1.5339634981317578,0
-2.4590316731789006,2.581723364970506,-1.7812817338585123,1.8331852593016067,-2.0119973446277237,3
0.6881637676498404,0.9348863369246274,1.6947752956453324,1.3904877978407169,1.813028697014554,0
1.3293797909233551,3.3924653000643286,1.7499534854010472,2.288693629279857,2.2603218387712207,0
2.2494509459300724,-1.600771807060673,4.492183998600687,-2.2751214282550465,1.682239105982604,2
0.9928105700606413,3.7458589702731357,-1.2773251751117014,1.2467962184090293,-2.113592161701965,3
-2.5674472812283518,3.801528407832186,0.022174100087378523,3.8311771355658877,-2.1929813677606895,3
-2.31823752774262,-2.781156378131114,-2.2598001407675126,-0.40146188790365867,-1.1978715413818808,1
2.6228499323474987,0.9323795706174056,1.8576205149787066,2.120295631711899,2.514438834058749,0
2.7082144232565573,2.2332161312635015,2.953136633913245,2.287124165201824,1.387562625359562,0
2.8336032048373485,-2.601126552668847,3.165916520255223,-3.6667634067891974,0.5052438535503558,2
1.5963515367580032,1.044877420650647,2.423599065593461,4.062524919243145,0.9324670857457271,0
-1.639244245336165,2.0722883471248696,-1.4441739724248728,1.773472527617162,-2.430427698800716,3
0.22696753179311857,3.2619215007139917,1.0942676991373812,1.3462336613511803,1.404338705956508,0
0.2823278516366037,-1.763857590120899,2.9049620414942,-2.225806749076042,3.4364295195588666,2
-2.8245141615276737,-2.6085897232397004,-2.5289777080640152,-3.0565576427602528,-0.776916932904675,1
-2.7322995497370886,2.781358119806515,-1.9476272312724314,3.0454602404822526,-2.2014199000769734,3
-1.021577887971965,-1.477857454066064,-3.103669828530369,-2.330789224327557,-2.7801991291174626,1
4.498430483721495,-2.2280057268097178,0.5930225378960112,-1.597731922798702,3.32099578954071,2
-2.541473006507169,1.8979937198727383,-1.32898219508223,3.067997778058972,-1.061030531295208,3
1.6692251039769472,-2.5101608136502174,2.1494560896633095,-1.2292497903812127,4.3817135317325455,2
3.088950596967366,2.0642800190954627,0.9222552220706939,1.2846962907400319,2.679597748934676,0
1.672193540123477,-3.426018117120452,2.3938732181647433,-1.1706762274171376,1.3683484754863562,2
-1.7078511578812012,2.2802359460024944,-1.707831171792674,2.114845090277753,-1.1312016616944507,3
0.2741932712094033,1.322435347664345,3.1941094030473725,1.0188344688603184,1.5355957376906124,0
-2.205839859921344,0.6355291463827191,-2.928265838655996,2.8096575301482414,-1.7692882509250374,3
-0.10983824062564151,-0.6606734105200003,1.3134612468462312,-0.8366239448364499,3.0687923213942923,2
-2.846497802868907,2.6079475670057537,-2.7554988831339493,1.898013345406322,-0.5530558536130201,3
1.348643106208171,1.4713833182502432,2.586364018755093,3.238283071433636,2.0212715767360616,0
2.492451264008149,2.2891686439078183,4.455300139910895,1.3622600157486842,1.4690030449981824,0
-0.9034528817697463,-4.191253851165281,-0.46551789820548506,-0.8776257812968404,-2.4597646158304762,1
2.273010717494386,-4.074640037546368,1.9080432173957342,-1.9839747177048395,2.7946003829452115,2
-0.9549115259152465,-1.8551121669031088,-1.9760969567150446,-2.3514142357137326,-0.4365866411678918,1
-1.517466290178815,2.6603430545626816,-1.2524538742135407,1.6049531478304324,-1.6909531649759653,3
-2.4151002889633695,-1.2992993878794163,0.814654444472553,-2.104342792986892,-1.6066929499946765,1
1.6114815469111141,3.1241127199860133,2.947526462122858,1.2271223321763909,2.407052287124535,0
-1.179655987387544,-2.033612564703713,-1.5452590878588657,-2.5164296438875717,-2.196466583428097,1
-0.7480525454868427,2.915823781597604,-2.363175558732816,1.7835812883616289,-2.136422150277616,3
-1.0080736901130454,0.11701655332827343,-3.523597810668167,1.9818657564919182,-1.706715570995148,3
4.759660038911077,2.392415967178767,1.4910363742925012,1.9744256878080055,0.23092409511088174,0
0.4297752801095436,1.2728628241751314,1.7524813644484953,1.9255665708999536,2.620672097550678,0
-3.9808364709226343,1.9616761643026275,-1.181234029151184,3.106774518624329,-1.5852155379207589,3
-0.8557069314400609,-3.387868550455802,-1.2361396483665774,-2.0531068016969107,-2.5509818035382494,1
2.156823016098193,-1.7187695077813958,3.4895994094476492,-3.2703620463250864,3.1546937667167203,2
2.293949387943162,-2.772542111842236,1.9420360003316974,-3.5138305012448536,2.630875603596156,2
2.973622249427847,-2.5035696189077177,1.849385985370067,-2.766120830610671,0.8719374451923061,2
4.060747924881987,3.7553408424432044,1.7510358515209266,2.9715709509543555,2.6453759495851474,0
2.505735432472799,-2.086701136148209,3.25761905635936,-1.593943877571919,1.7650757284790255,2
-1.2678487739452646,3.0073043574732625,-1.9766147853414924,1.1355732946642805,-0.41047696389613764,3
-3.5947559581633324,-1.5793003689815213,-2.577920776832711,-1.1188532791866308,-1.9986743112655927,1
-2.625677287496212,-3.319247194598767,-2.2029806373956573,-2.8000385643976466,-2.063524574615355,1
-2.8220760118279276,-3.219284466522194,-2.5694497744921105,-2.124021387389997,-3.064220006817349,1
-1.795241117598216,-1.234121720519385,-3.6158867874104725,-1.7003523121626518,-1.0675651290453327,1
-1.7136132560446098,1.8114051708525118,-1.0610428217651486,0.47022591989066376,-3.494263529066239,3
-1.1081369778392514,0.8867051658853689,-2.657035237017324,2.9945582357416214,-2.7617603706826457,3
1.758569435275007,-0.5332174431010239,2.5055578532150076,-1.563764295198945,0.8090834940262732,2
2.040591691203882,1.2980083121932446,1.3370990824490518,0.5973947282003065,3.7495767431869393,0
-3.970308581351401,-0.20291335320571857,-2.220565940267314,2.2469060634166116,-3.1251978277377233,3
2.1367466473992307,-4.304211935943966,1.6389907767474303,0.7030275644050836,1.769338333360292,2
2.3577873603482833,2.5607845263682343,3.083051243175277,3.0538020520349027,0.622330632042909,0
-2.487705372948745,-0.9256669952297563,-1.5035998822660588,0.0750650393485417,-0.8198718262584723,1
3.0108397350203138,1.529055187570484,0.7555135501111343,-1.5501727862734902,1.2924477147058937,2
-1.997768377837598,1.7253562506337026,-2.457218539319196,1.3108882022782098,-1.5323098961411146,3
3.983633652436019,-1.9881195654822081,2.386586229905192,-0.6407024006351942,1.8528604951858931,2
2.776931692354829,-0.3920849388808425,3.353453647621203,-0.6534283373897039,3.4436703191662383,2
-0.47536140351724376,-0.8019115694878916,-1.5657363500779284,0.5733507891896528,-1.5008894932010588,3
-4.036220502855937,-1.952506531748357,-2.2490718446530407,-3.672893901311574,-1.595787134722668,1
0.7638642039695376,-0.7456616392426605,2.731000626785481,-1.4615650427835476,2.7157342411708405,2
-1.3413680472094902,2.2321945046423277,-1.0045848095505256,2.5755619258303653,-2.295056189805642,3
-2.012024028913188,1.7604441410629006,-1.5108216493622062,0.8202232506254914,-2.0293517021156946,3
-1.5284576195817943,-3.83114487833835,-3.2284438312657624,-4.075588009078533,-2.0860696927908933,1
-2.8239354869719997,-2.719109451449186,0.04981209578592605,-1.9993171810425174,-1.2178699984685408,1
1.8615440160162262,0.7757017637106343,1.7909767427139747,1.1494795457906999,1.4194765501952773,0
2.439486048008512,-2.098309847454376,0.19624951590750372,-1.6685291036691048,2.364561477355457,2
2.4395012306202264,2.778936503512114,2.4577728661518856,3.6744924333475373,1.9944039811709535,0
0.853654606981312,2.302635465239033,1.2457241499806422,1.9358616534070074,2.3287624103034803,0
-2.091844764334955,-2.087435328777181,-1.4516803724455012,-1.0504054286355118,-2.059415181272494,1
-2.7316317389085283,-0.10955931484421733,-1.9506916684797773,-1.2311603240311033,-2.6082265074447593,1
1.398055558064823,-2.633231396714977,1.149386747048052,-2.5410068657828995,2.7556658387443145,2
-2.4512188269438764,1.8691994062730444,-1.7071711564133165,0.11956445593691867,-3.569389595374684,3
-2.14702542343085,-1.1592655178704507,-1.7921974926466866,-3.2926253471522626,-2.5321685631271897,1
2.7307641190665244,2.014273067836434,1.0460605806033552,1.5929636870732196,2.686318456956701,0
-1.7563427762972856,-3.0902084067994298,-2.98553960072093,-2.9697437196346743,-1.88946468252606,1
-1.1419858046978546,-2.8281962729652346,-4.0184878643886375,-1.8549362540406185,-1.2068243117813227,1
-2.0951481230773203,1.6115200932285192,-2.216001421573113,2.33396514967619,-2.1711793697963992,3
2.714000494092092,2.473237624573545,1.9271710873431271,1.153206281931595,0.48515277531413536,0
-1.6278945273931371,-1.6108408043320712,-2.053120653017545,-0.7764311175813725,-0.9035307661891163,1
-0.8114031769129919,-0.150637858613619,-1.15689466767676,-0.8371614224650141,-2.5800163326536847,1
2.1798941511534786,3.3920022863445993,2.918316606002313,0.429499396376823,1.0103718634296626,0
3.672265904097528,-2.7373799034979585,1.1658151512673762,-4.266052094149282,1.649221794398446,2
-3.3671378064602457,-1.151825787333332,-3.232523314768509,-1.4477000623204768,-1.3743690663539991,1
2.693105607263144,2.176441555277225,1.6329721609166776,1.1724097793512804,2.0861438830463745,0
-2.941403169002025,3.1209670236143774,-1.1944252971938265,2.9758233372885634,-1.9911422963311045,3
-2.0302630575969856,4.598822900074582,-3.7240618108680357,2.6938234538591024,-0.8334716637789967,3
2.7031425422200037,-1.4667926821006874,2.165403660299704,-3.3820175686924374,1.5163828604445633,2
-3.167757415899921,3.2746838496794863,-3.1356359047578293,2.509295323642008,-2.6160712153363237,3
1.0332981092973403,-2.796064137720634,2.102917390523237,-4.314044066000106,3.673441885622985,2
-0.806413464523738,0.6595113586335632,-2.3198262778887564,2.144310019435079,-3.833705767629435,3
-1.7050285442911783,-3.4972576451786446,-0.7190604233332725,-2.6654222981294606,-1.2780965145618586,1
1.9297796384823833,-4.52227791748795,1.8480326176839612,-0.9398561813287301,1.1062539809162857,2
2.4477169258102776,0.4291238479315007,0.8732325310901947,0.8060749936009446,2.142943094763707,0
2.113517345251248,2.6621306745210465,3.586016816145352,0.762184501173151,4.133033374656266,0
3.318197067234025,-3.3581749214775938,1.5567365351820972,-2.2885751171541013,1.8854405725274803,2
1.6847336660837442,-1.7319495724102467,2.7151743901280585,-2.0511186930153777,2.0161247879004724,2
2.018418379189552,3.676437312275283,2.3269273737641627,1.7808994711911357,2.8294055811834893,0
-2.29748220087385,-0.6880162614260534,-1.6792142740673162,-1.805948056394126,-3.270061088712032,1
-3.451226298901158,1.0757315974049284,-0.7868208116084101,2.53289172022704,-2.6172857068788873,3
1.2415046652999306,1.7695992857942326,1.0757668557316955,2.890198411124787,3.0352493347237526,0
2.0840943882501963,-1.3090890426078072,1.5551931618295098,-1.8609713130468744,1.9548771096759483,2
2.2186593067572975,-2.446320515234345,1.7993607011745683,-1.6324895894593978,3.0404308926448387,2
0.25705246951333494,-2.607568791779556,3.568182429527326,-0.552203581542134,2.9386400226789444,2
-3.0504376287559674,2.846118469295934,-2.1034627898469234,1.5104293529693285,-1.9581040788457236,3
1.398293387770603,3.852278184508938,1.986502775262066,0.9422890710440996,2.822544912103189,0
-5.922400251618342,2.28378802783808,-3.4247656537214892,1.787548297286944,-2.3020970410246058,3
2.0201064668690982,-1.8203777273680766,3.3451476204524146,-1.6402610248732117,1.5013661042115487,2
-1.1321945404575544,2.2274050789916204,-2.8898447709411417,1.0392204417551096,-1.7458723129285647,3
2.361395605508414,3.538036566465969,1.9641739608900484,3.564643655814006,-0.6197451040897444,0
1.5157659271337487,3.2669111491866225,1.2923305343812193,2.443819428146228,2.7746340534293368,0
3.6391168054440675,3.6777008140764407,1.4464117582920055,2.5689830791852755,3.628396623128538,0
-0.6893940871865367,3.171101971669559,-3.256565335945435,3.289203051406873,-2.318158501617929,3
-1.57875262130902,2.8468399454691653,-1.4656527865462157,0.2315845743619276,-1.004832334841394,3
1.780328112162488,2.3571125715117462,3.4778940447415163,1.4817297817263526,1.1915063971068123,0
-3.782115081984829,-0.3430391016518408,-2.614038161549411,1.8019263698506398,-0.6993745989440412,3
1.4292537062505237,1.1676444268957713,2.471415556386404,1.4477769557190288,2.6329318177555106,0
-1.5084943527532164,-2.0092885615678155,-1.6930189273137621,-0.18659230148457695,-2.342878861557564,1
-2.062893866899858,1.5521223550680416,-1.3418569639974367,1.6047164519838193,-0.4070359039726188,3
1.0768603701805035,-0.6398840998196871,-3.244542500084723,-1.7671319125731018,-2.608006142937324,1
-1.9225194814811375,-1.7422474598572493,-3.2417605754816243,-1.6658235827551024,-2.1552590488247487,1
-1.6779176892330145,-2.011092003948602,-2.8130143722601297,-1.1767200843222947,-1.7742384768882455,1
-0.48360594474642715,-1.3978816796075164,-1.9279631387162552,-2.212208969901152,-2.9519184600222355,1
2.519358745637888,-0.3266360538474764,1.4105476000612815,-3.58242797402364,2.816837011430981,2
-3.3569355696995755,-1.776846945252303,-1.448114028177846,-1.3197697915823707,-3.936752702502465,1
0.9009607754681408,-0.2033347983249829,1.1465045199386585,-2.6694369136334903,1.021692050177502,2
-1.4653709138775648,-4.635747739016878,-1.996624493402839,-1.6721788271569147,-1.0757298604621703,1
-3.1564158167438565,-1.1499206675824467,-1.5823192477605994,-1.8925556256591074,-1.6126285193670102,1
1.5810365544787652,-2.824612009765022,0.9411998517521802,-2.715512985485229,3.1214992118499283,2
-1.0862283786144142,-3.545729786690733,-0.41016102181931613,-1.4259287791059987,-0.6004053548542065,1
-1.567040174639304,-3.377617500754237,-2.564774004170942,-0.9786167045706016,0.08844277286992508,1
1.1019727736755416,-2.7660452024003996,1.5387329495016928,-4.25279339473134,2.335968173440577,2
1.0778110945683725,-2.95461810195006,2.5182189504454113,-2.506189061085336,1.8204854251275198,2
-0.790769352776062,1.975713504329974,-0.36103947240016687,2.908022662536191,-2.7074395448121877,3
2.033719054901053,-1.7314064189557021,0.8851778126475858,-0.8030890512386477,1.4031052152680288,2
1.2595098936678415,-1.1351755615089887,2.1514030479517325,-1.7015481860185602,1.217401402581411,2
-2.4958781720101495,-0.9026998124562913,-3.5656480316055963,-5.007632339693757,-1.4288205937807912,1
-1.2900672518527627,2.638543317267599,-0.302376220290659,2.3320814614168106,-1.3538703239758285,3
2.7663884765723994,-2.413894942274857,2.4607972436159673,-3.522334318281744,2.7979752545819054,2
-2.731254568812957,1.102340614724946,-2.6374874348250117,1.6245925535160382,-2.048829835933703,3
-2.002238116474181,0.9325660670395006,-3.2590649114481933,0.9946848740027645,-2.723168438829393,3
2.108014120979501,-2.906648545154293,2.957993941480019,-1.336454381501565,0.9739191558043756,2
3.105525932957984,3.18703030556038,2.6387302220291846,0.8569950872695165,3.633431532301096,0
-1.935592477568058,2.5709456946038727,-2.8144028209931906,2.5704860860796908,-1.0055854717924155,3
1.7272764302523296,-0.6968866429415717,1.9457051334821878,1.769065469791322,2.6962063648134182,0
1.6908278765313607,2.222133771633713,1.5212513783365227,3.255756125573521,1.1053926977804962,0
-0.959938180097424,-2.7397711639729674,-3.334610606910233,-2.385672630977848,-1.5654973539086943,1
-2.0325038930576893,2.830498133985952,-2.9057972133711476,0.22056107457656915,-2.533004081826334,3
3.582116751303567,-2.3994654904728527,2.1291874733317107,-2.063273959896916,1.340251358746034,2
2.021003841632759,2.681952971294964,1.689733243406544,2.324166352488442,1.8698569456323155,0
-2.3663416771377577,2.176762103250264,-1.9776494450336344,1.0133409722758895,-1.373122936470978,3
-2.3072462256617317,3.3690945827628513,-2.098720894455673,2.8264223241917663,-2.2253514850441998,3
1.6904535606860098,2.326133022242118,0.748886423614697,2.924027019206901,1.815097863557011,0
1.019937698159386,-3.617800613815337,2.380778071365052,-2.8174081344143396,2.321291470757388,2
1.7356441667965332,-2.7742038183529005,1.3973756953854426,-1.998216958895391,0.940788291627098,2
1.6376524424538976,-1.2581777056098735,1.9080315337969533,-3.081914368713133,1.5967122080890612,2
-3.841897772957857,-1.1079324002682793,-2.589892317755608,-1.3013111864829565,-1.9747891324599178,1
-1.4049705341644354,-2.5574230531083213,-2.412997822143434,-2.926698308847311,-2.0314391703747763,1
-3.570881457125912,-0.6444270642896519,-2.610857639805066,-1.495516743616983,-3.5630343065712538,1
-2.4997301761516306,-2.526247856517421,-0.6116622217915522,-2.3850218117128636,-1.6170110152590715,1
-1.7833109025023268,2.2956655514819997,-1.596700395833176,0.17434200433539204,-2.301526295769347,3
-1.33463106496717,-2.7961368031864953,-2.950063497466127,-3.4436042621697647,-2.482909839460518,1
-1.604201151290253,-1.736449188045215,-0.7159042060518828,-4.426392070535208,-4.386929870195672,1
-3.385987942398998,-1.4944107581641255,-0.5108868916717104,0.271449745422796,-2.404397423183961,1
-2.856772093826793,-2.5555467794868667,-1.7956109683970232,-3.202149526076089,-2.3956807117562637,1
-0.53355760881142,0.5907842019754865,-3.532598234597762,2.269306189562338,-0.8505126359896316,3
-2.8550954744092047,0.7939776285918811,-2.8859707338977767,-0.8500301093171823,-1.4554175992063718,3
2.712998430172388,1.759674601841865,1.6251791924504024,2.7109599682034915,2.44426331148604,0
2.940771187988216,1.0175126064616904,1.7753668500029753,2.550052099024552,1.0316555451363647,0
-0.8165063331100721,-3.1780408673763807,-0.33277588844886297,-0.4767613782877418,-1.2643780027542533,1
-1.5173121127907874,-1.5799055095481587,-1.393149406784329,0.05654356482954137,-3.1308884353259154,1
1.8955507814625285,1.8311782768099893,2.070052163113181,3.1618783026081907,1.072646865809426,0
-2.8610879101735707,-0.5966300298748093,-1.3020967274609725,-2.4430440211284825,-2.4794929673992434,1
-1.987171356456315,-1.520172964633167,-2.2686457533097424,-3.8363597837703973,-2.4327738835883888,1
-0.970395638580307,3.9824704501689276,-1.0462397441886462,4.1718026673966015,-2.922351329061918,3
1.1602781578192238,1.4006073545559778,-0.12389572430980689,1.474244978319239,1.240867338446302,0
2.2083828079475527,-0.04173486842429064,1.752822617479403,1.3180157520022013,0.9983799901050845,0
-3.0986204251778124,-0.5794957127289369,-2.113480645882141,-1.7784415263757893,-0.7652480859552049,1
1.1104855703744767,1.1841897150345617,1.9228982905858958,2.341151974816644,2.276690799330019,0
-1.6784067886607614,-0.24506692835275845,-1.981598369216562,-1.7747358827524504,-1.3072772448831405,1
2.588076675167832,-1.0376548307334303,2.9458881565546395,-0.9263780560924284,1.3691544492091436,2
-4.100026507651624,-1.3744919831689644,-1.1147685170110089,-2.5923559556520535,-1.8764523040444177,1
-2.750410127754656,-0.16203229992743884,-1.5416109900429316,0.8952253263584833,-1.0113912065008253,3
-2.0756710726570633,3.5375513190343435,-2.6583827179404453,1.4054963040509927,-1.5218594244441916,3
-3.4155240669137066,2.9778722722111377,-2.270371399135791,0.6102198568073309,-0.647960634025674,3
1.9262377064363267,-4.0841129394985884,-0.2753033502388915,-2.2874475194003554,-1.7126710955969906,1
-1.2435116456839017,-3.9140600705874675,-1.3405487588863885,-2.803948414727481,-1.69265438329203,1
-1.2847634161087673,1.606648875177127,-3.587188069678454,1.7926839039917555,-1.3764742011741413,3
2.3615035252061016,0.8562737926793382,2.108559705776523,1.9667700093555391,1.7918831427274604,0
2.234214732536521,3.550500492814077,1.001645959261209,2.984322398476584,1.786011155774491,0
-2.9928660010855452,-3.4452052644122255,-1.3337303279564767,-1.4220214763604428,-1.4226364748933384,1
1.4003600051787963,-1.5880470009381904,2.8515910458931972,-2.9096804393124756,1.5486971356563353,2
-2.3726755839519744,-2.2426987478252816,-3.8900101711829427,-2.454794717377693,-3.0398065310268843,1
2.0493281657948437,-1.2775530147790206,1.634719141796115,0.38796770552473214,2.1800710376959813,2
1.0015591471232819,-0.3767433094719461,3.9913704184169045,-1.6070864894517838,3.5904035685736386,2
3.1166812750675223,-1.7679053620714629,2.498883194768213,-2.3421486511272387,2.195076925422602,2
-1.2173701736834819,-2.024232833869692,-0.7975487520169278,-3.0952705188428045,-5.176703813196001,1
-2.660834235810146,0.42701074292713903,-3.0525471918701106,2.9942988266876234,-1.7452688626197905,3
1.0845229709097075,-1.8735407809393099,1.4971312463290443,-0.821134062963061,3.3111622966036167,2
1.9771319377011178,1.0006977677050892,1.4952250787717825,2.840620026504553,2.5467335682013794,0
-3.5341246934488515,0.31196567480232185,-2.6007479306385677,2.52252076644239,-2.653137389929941,3
-0.9928427994033309,-1.4820052236085481,-1.9737952472259643,-2.3035643252659153,-2.0809173376626884,1
-1.6205946023948903,-1.3095273138784869,-1.7343830068274666,-1.3422368238496263,-2.0695322862422696,1
-1.7568765414871068,-2.2942425056364577,-0.6434166141720179,-2.2003525777941637,-1.768157907865152,1
-1.7112719969901637,-3.157116618713271,-3.3331283547778066,-3.551512249058929,-1.3379481652415268,1
-0.7997382502611707,-2.463161362085399,-2.4114266071160024,-0.8460992657442528,-3.8697416996954206,1
-2.741498249912725,1.65624348048989,-1.878538935800454,1.5005488071147866,-1.330914789732476,3
1.5716817422022444,-2.0104651290527293,0.8658288547222095,-0.9708195638720329,0.20585648880139962,2
-2.467738683858582,1.201793923641846,-0.9814625723496053,0.71049993027602,-2.301579807791105,3
1.2095255445546882,2.4714683571359957,3.882024496475034,3.3454200461549775,3.593186626639397,0
2.171469317590391,-0.8473518967383076,0.7825962065030481,-1.5320495778681482,0.8297192936032252,2
-2.397548696545778,0.6154819805750034,-1.0122714840754004,1.2243936385623968,-2.7798066757376003,3
3.267960487103089,-2.024398567236157,0.5777703504937928,-1.1574861035449957,2.7549587661419643,2
0.3836893915634121,0.9463175808536459,0.9321970784208069,2.9503075919735755,3.7106133725819253,0
2.1958452550976815,1.0216272223849678,2.408252755714472,0.2974163957621596,3.0291556373256436,0
2.3144445908748525,-2.3589583851794136,2.7297729370341957,-2.9310017116324416,2.0430309733212813,2
-1.7130441456982912,-2.831954917494451,-2.638282726528494,-2.8153756283161213,-3.066234931899225,1
-2.388520775183009,-1.8095761100749423,-1.5507812787149657,-2.5098066931908827,-1.9655589882941586,1
-1.097908688411732,2.2074887978521818,-1.554322092918076,2.4235078740220373,-3.6047050097978124,3
0.41586405699451023,2.2671266510114836,2.5087250232299336,0.4188092979678666,2.8950383140761153,0
3.7303218148571684,-4.245585897565163,2.1954032212833203,-0.08139366612379217,1.6467358645618417,2
2.6882053064528826,-2.443606830207386,1.146176912495623,-2.6431833420270303,2.6989530717174213,2
-3.574341717731963,2.407689736837177,-1.419000460038308,-0.0591604836923203,-1.2014986620927797,3
-2.7095798547491725,-3.2585049106753345,-2.2170170504243703,-2.30848278845582,0.4267164863455224,1
-3.5297489550040915,3.53739673068429,-0.5858896093932182,-0.48745675870612937,-2.458223029256501,3
-3.1557075749169154,1.797394227081926,-1.0199957638661061,2.3051508358749726,-0.8519091336025673,3
2.2658782296520483,1.5632802639594046,1.9338673853741775,4.099721789166516,1.7529742992540034,0
-2.101280718701533,-2.598437580581047,-2.9665878909853154,-2.0681234251679532,-1.6360293691472618,1
-1.7357097898467488,3.3137821765718076,-2.0154716407267395,1.1320245774716682,-2.2135932422050426,3
-1.3041361609062148,-0.8265577233675552,-2.2725447213618093,-2.3405987069098613,-1.4998569668861164,1
-0.19458315358021938,0.802042037659338,-2.4265712528305734,1.6105964384746234,-0.6441946605684987,3
-1.7623573437000408,0.7892573733708355,-2.938467105741085,1.453592380536327,-2.282240591923229,3
-2.4536363875916827,-0.2737734543643675,-2.8873294588557714,-1.2282038227643388,-1.6437472112939164,1
-0.41259939758446307,2.3999965529436063,-1.8341409732013272,2.8369911546336737,-1.6315024131609612,3
-2.963396341198569,0.06793484148004048,-3.756868699401502,0.7310174227455015,-2.8888596980356747,3
1.3768594735752355,1.4445228808397452,1.3626128726934823,3.189016531107552,3.4205042479898546,0
2.5911361179239325,-2.1069714698584803,3.9422455947562995,-3.7472216669652556,2.094621044669358,2
0.8298869739406405,0.1980195624199803,2.541462728204788,2.759155160302647,1.4234895992732806,0
-0.496580171571001,-2.33012009396645,-2.211666981931177,-2.6277339060845057,-2.2880388739220763,1
3.533727709916499,1.4641985369477022,0.29264204240705327,0.8834755600513409,3.2358116200069387,0
-0.4994057148735731,4.290942572590742,0.610427533236404,0.3546012530431082,3.0225704320096405,0
-1.5835539618985472,-2.053904849005739,-2.9823035803773146,-0.8781421437695291,0.3200407220172594,1
3.0519476177229183,1.001939372685587,1.6160287280476484,2.2502002062516944,3.9956674897839646,0
1.75876394214367,2.352055396514297,0.7484605758095559,3.4437646040732597,1.9178488216074312,0
-1.8868595429469772,-2.3631166611555665,-4.00745686074501,-2.3883469383011584,-2.305619111068313,1
-1.6208468812738759,-0.7697778243492124,-2.596974286721074,-4.390304367469438,-2.41222074502447,1
-0.8790634875937542,3.5696285869394933,-2.067446558555182,3.193611755172588,-2.342304843449149,3
-0.24452430168451,-0.42698027478514367,-2.465805569118163,-2.1508377115666955,-2.0739475656083926,1
-0.4079751014239166,1.4122620306801017,-3.443200793785794,2.6381869988485733,-0.2556888852568888,3
1.1088077745847125,-0.15181540132930493,1.28084668075758,1.7888697611723057,1.0128204728488162,0
3.2920603343265227,-2.749171726603242,3.315508290940104,-1.7895037010784964,1.8395806180246523,2
1.1741672267619525,-0.15360407940075205,3.9333597477143574,-1.7432492013382124,1.988484911923355,2
2.183849544753695,3.8005111815108537,3.238946352939437,2.2096594152746256,1.5083638143679527,0
-2.285094257042014,-1.8613548162899156,-3.0861262991814096,-2.8682609615983323,-1.9021867069066927,1
1.564210270376364,-2.8414495141290086,1.522160149296209,-2.0446065321830016,3.342180131244854,2
-2.494965480368073,-2.497572498309214,-0.850327981121253,-1.703423061469695,-0.7323484888120262,1
4.943048335268621,-1.2755089396182724,4.3692873008114965,-0.6045659178008147,2.2418020715557487,2
-3.5859833122379583,-3.879924385139045,-0.1290348246282178,-1.6103858226290961,-2.8682927318763665,1
-2.5312142946075986,-1.5161233488119603,-3.1022921498364235,-1.318640489557052,-1.5913926922982324,1
1.9866953646213648,-2.5998220233198492,0.44121300497615845,-1.1806267318605936,2.423889482443986,2
-1.8459681583164125,1.9173022549816012,-0.8638086253574577,2.3590550934803667,-0.6657708058273095,3
-1.4988707239354238,1.513368811810731,-2.0102056003909325,2.0633833926377183,-2.72839031324171,3
2.125901388394959,-1.148875901619762,3.2238559185425935,-1.6620444458549748,1.4077591551871853,2
0.6845586929501544,-0.6905558985973521,1.7231106442311965,-2.671720789258077,0.7458390130043961,2
2.6687416555925125,0.9082991238606857,1.612900297525599,2.6955377575657775,2.849102110743144,0
0.9544705143259469,-2.026260793269852,1.3754895449114226,-1.2530191598952902,2.0314915622619956,2
-3.0757366484416115,1.5685443554401153,-4.120087215120174,1.263936346531486,-2.310937516351094,3
2.0294305916775524,-1.4833555540640329,1.018674063482535,-3.404816943927507,2.1072079620401336,2
-2.765611157030188,2.734106335807249,-3.537707808530002,2.5647762643141503,-1.3155138664470039,3
-0.527329324249018,-2.6039806259692293,-2.229548655360347,-3.6394841625254344,-2.392471106060873,1
-1.0977286000565474,1.5001275695891483,-1.4569677207103475,1.7661021995464061,-2.196093210676938,3
3.009817089342634,1.3118496548222762,4.252435805344309,2.9817654869915944,1.6751686164913775,0
2.475751991831532,-1.4103607686426,-0.6518280630449489,-0.6336105881455616,1.2622632953151591,2
2.056649924897107,2.5296927543567307,1.929501221940909,2.4865016438262018,2.06447441481012,0
-2.256340678372492,-2.5380477584901384,-1.2021562201042335,-3.8593367716600575,-1.954508523669248,1
0.8167414873342249,-0.03923217776010057,1.7305931655554423,2.717542255795962,3.502357052096028,0
1.9011103468088573,2.9190764829877685,1.7097254558113486,2.267392314071903,2.3216978061960134,0
1.3589187334616446,-1.3409456560865802,3.0268946182579146,-1.4004224587546443,3.618787639660868,2
1.816016663647321,2.0184339330653933,2.347581705361671,1.4602403196906386,1.2216952745976872,0
-1.2981769594566561,2.6369080790029855,-2.475125278444603,1.4670062805740463,-1.3600970428479155,3
-1.955641202484393,-3.745707432859652,-1.5052943462249675,-1.616564968596356,-2.409308474095721,1
2.295232575040603,-2.2382336750556173,1.5894815172702699,-0.18110146779967518,3.177184963184339,2
1.0086076505436927,-0.1533901136037148,1.3610382523104978,0.6769102065925017,3.642015160136369,0
-2.157746983231485,-2.641666820130382,-0.33464808237646904,-2.85616984066175,-1.9644339259670065,1
2.141716913639905,4.319329539981695,2.393317839394372,2.1920491164900318,1.6908835357974987,0
-1.302761953609687,1.652475057481142,-3.1565552170673365,3.2812386535229803,-0.78355261272292,3
-0.6302988923458153,-3.086054582118086,-0.7445963905401036,-1.0541303563158544,-2.900590352536062,1
-1.7477596035733227,-2.116229043121958,-1.7852868168294735,-0.4218819424378155,-1.0145503143847816,1
-3.703871586826719,-2.9244659881295543,-0.4371112314918022,-2.273993081829304,-2.243383979375018,1
1.3870167287293105,-2.0570411668529416,3.183987443196889,-1.6581747860450335,1.9399624583114354,2
1.388366263305441,-0.8813676658457883,2.0130433743769522,-2.179251025356912,1.8899945012989485,2
-1.9969398832614271,2.5846229524867406,-1.762170459241664,2.479625319551573,-2.432301185809541,3
-1.3967524994286062,-1.7018415340094744,-1.3613398313568976,-0.9418816749128498,-1.6323801597902892,1
1.790676322848134,1.3309272613400833,3.0399046873960764,1.394384460263136,3.826009713546936,0
-1.6385826827268972,-3.2931415437586478,-1.4276096888243242,-1.549396587137461,-3.8698163395321643,1
-1.0442960288861327,1.943211404113723,-2.8904357529426616,1.4357101472809808,-2.5927028229571065,3
2.4136162575716806,0.1355867300773661,2.2820342192093426,-0.34942703676715214,1.3707878504705575,2
-2.1735444175613874,2.4158027257204453,-2.625773043731776,2.2299243454179374,-1.222202369122285,3
1.4997389834133243,-2.5161166418714345,4.124556229829014,-4.773814939933917,1.8203802785943668,2
3.1172958315881276,2.342725346377704,2.456753219153784,2.569767280232204,2.4477085600173147,0
3.1067104242873174,-4.2746210312062,1.7958702311272838,1.1176811292080475,1.9879564470400686,2
1.31395024296482,-2.6172122466479615,2.1070574529922967,-2.345146881138027,2.6879329720514282,2
3.368631557532349,1.0350765394198955,2.6860514599984393,3.058424486849588,0.24126051357688572,0
-3.4359095238685278,-3.315815816427507,-1.7189907497181938,-4.132595626154837,-0.9873625903559282,1
1.827053940076577,3.7117084801423434,0.6280988570686437,0.38643860212325887,3.4711703274936085,0
-2.6065033882157396,-1.5440958048292974,-2.4590903102189916,-2.694600369163145,-3.1543626682329844,1
-2.3841816657069757,1.2378665514859022,0.5859751756838958,2.41905073475346,-1.386734455338856,3
3.227273822081263,-3.210160502980885,2.4385792909210053,-3.370026627364429,3.065376272259603,2
2.678728069279419,-2.9291363405097584,0.8659798140650419,-2.346771576766712,1.4142072765513098,2
2.1605739810498648,2.0030460201534144,2.43693816974635,3.1906462747863413,2.949554135441324,0
2.2088535425343316,-1.9417872729149435,1.6065621037254496,-3.9091974589772427,2.4704829961291064,2
-1.8587428599125368,-4.1305664798072,-1.2317927833682627,-1.7846034945437121,-1.4917313603254105,1
2.3686733088729013,1.6066611876726393,2.0287448229348173,3.278451862607299,2.1910990680199034,0
-1.7945135724399799,2.1143087530592477,-1.9981964936435859,0.9106573622878937,-0.8915553982771072,3
2.2110174672026184,1.9032868881296077,1.4550809131910503,2.399136114352071,1.9623652975751515,0
-2.80637692911805,-1.9243050599949065,-1.3144102537015836,-2.141648586010127,-0.8336294543307479,1
-2.0638778328313467,0.7459773475714835,-2.998936376245591,2.2726335143194145,-1.6577744205756544,3
-1.110962877720108,-1.4262555789955869,-3.276304416538336,-3.2883076174635377,-1.7072845178581466,1
-1.4172624168261356,-1.5031264094924028,-0.9302285450161498,-3.1996975283653084,-4.316143862968877,1
1.5881230338775327,1.5123937759275066,1.567441812180379,2.394452142378297,1.579015519179737,0
2.299292580406492,3.301741289398798,3.561511196726853,2.0320041490657665,1.2465821296538167,0
-3.329007637223448,1.257671987123428,-1.473018608636247,2.007560180394133,-1.0570613801027662,3
3.3213040322730123,3.419603004513637,1.3995764342612949,0.13346004863938377,3.007513689836922,0
0.7760597332377435,2.034083468259226,1.2300267689413582,2.233785911790748,0.4441043537963727,0
1.7021331950431389,-1.2309683445577244,1.47261093836038,-2.005106632027225,2.3987637644248143,2
1.2219052141672857,-0.8281898567261552,3.4980976334877845,-2.816154989028044,0.544945394909448,2
1.3725792655736266,-0.7711434497994405,2.461078032296435,-1.749371767896698,2.8085710068901166,2
2.5239605120767346,-2.3998999901093168,1.2548322296826495,-2.104967707563624,2.61279074158329,2
-1.9823867480663426,-2.97536602727825,-0.6964920680652409,-1.33529725466689,-2.552920837367302,1
0.12482753035425542,2.1150260791474174,1.8398672044333595,2.671340076450466,2.2131966282376894,0
2.721672064043235,0.8709482287827708,1.4754797337202263,2.489374561227918,0.7778721911080546,0
2.297876191023845,-1.5498443660533523,1.8956415505619135,-0.2245091507599517,0.5208039816422334,2
-1.0034294894205527,-2.466495379228198,-1.3595202047991761,-2.1905031059978115,-1.6759429717784393,1
2.314129496450666,-2.3160829611229734,2.3143386831314303,-1.5608498662995824,2.8331794312701817,2
-3.0804073292785015,0.8225834947507114,-2.423690716910676,1.5108438248157838,-2.537978528821955,3
-2.8141532565976037,0.8347980000347115,-3.460302435209223,2.1879417764327567,-1.4275285882202642,3
-3.0944943608348963,1.8597244144495717,-2.335515832033066,2.255977146418771,-3.1192502422206436,3
1.0253183297726784,2.787084603742452,3.158595579007404,1.1793176816482895,2.9633761292443217,0
1.9920273586833825,3.479944138890026,2.0773683076476184,1.1387157986717362,3.5231240772696575,0
0.044951229681717164,-2.368939439031462,2.2138087939410633,-2.917976104610736,3.7311696317672993,2
1.8701793002665739,2.0438114719791094,1.8529979983715115,2.9638791167949097,4.210523001591351,0
-1.230864220689967,1.812272976420116,-1.1593932872166168,1.1747080391691356,-2.492918274949252,3
3.3562400285708227,1.927989878419666,3.003532897892024,2.361636025047634,1.3548802453948756,0
-0.797750996638829,3.2065357234543024,-1.7309473069842929,1.099839772126337,-2.4134487034717953,3
1.4882364420576966,-4.104749505719015,4.042177910534731,-1.8446750008005985,2.398147265122537,2
2.648709887589643,1.8328819196831456,2.1467136864333227,3.206508966508357,1.183064329012764,0
1.101585328651642,2.4919191715065057,0.6797667929793578,3.8314587658543537,3.179440120721287,0
1.9786327056515638,1.2527883208521766,-0.4242402602729416,2.8840453963610497,2.7368438970924336,0
1.6669623809462384,-2.3103909913775653,0.45219844369096873,-1.7357452363926609,1.9596660897859564,2
2.686567746753176,-1.258926219317714,1.123302914380707,-1.3395400476484496,1.6145067590876419,2
-1.177317573425856,2.3353172563973077,-1.819694948662497,1.0438642970414609,-2.590818348091429,3
2.272236725327388,-2.0572704108221025,2.5480669247071703,-3.339489366528659,1.2576136295692653,2
2.399469372602185,-1.6895272458192485,0.8727362074458529,-3.1569413972294713,2.322504660289905,2
1.6304730711666413,1.8685274043283322,2.8260471714415063,1.5632357627617826,0.3934228992613207,0
-2.455171783953764,3.015627883994471,-1.8125406179110892,2.052457386889444,-1.2201713592449503,3
-1.3053308758814155,1.5634851367344564,-0.9283196261094102,2.2952247583452428,-2.6794449849177493,3
-2.3751089949435644,3.5685189854725543,-2.788047623233008,2.656929066342088,-0.5661671613401553,3
2.5042878533842723,-1.709035269862557,1.4929913407299442,-2.513900626648843,0.801048602006124,2
-1.965972588927768,-1.8886273981599475,-2.1790932850161564,-1.604180218904077,-1.3071442441821883,1
-0.3836999572780835,-3.3927354721669962,-2.0345506239539635,-3.6167133749480143,-2.2293823318554673,1
-3.6891830379672617,-2.4712637407025198,-3.9754877712171375,-1.24890054549269,-4.065083046256321,1
-4.082098703188987,-1.446850843620791,-2.5482002981667726,-0.07655420517504674,-2.774614970018582,1
1.0488156296120439,-2.3418218202461354,0.9930726390548559,-1.952174680215317,1.4358038201395136,2
3.848956094945345,3.1265650295477574,1.7311113094451693,0.8934740912583297,4.57335980324986,0
1.3198265236520492,-3.2843870360725145,3.4758791505039657,-1.508554489105598,1.7709189690782903,2
-3.3885425538312113,-3.60027110450371,-3.217282692220479,-1.840537493195871,-2.892787515491884,1
-1.3992669848544084,1.093784667952789,-1.8580200861259946,2.313723182896907,-3.4846047919196526,3
-3.1068702915340567,3.334506133337838,-2.547191788882491,0.7486438177607131,-2.430996200219813,3
-1.9271259019844846,-1.9268030089983055,-2.15024298879826,-0.8082925028929351,-2.083717959849212,1
2.2029230208512995,0.48425588500276806,3.5475052013300616,3.7958776730955215,1.3872113095156138,0
-2.7969866688138776,2.123906816521071,-1.3850387679532252,3.20357805453346,-3.4892842644402178,3
2.513085420097293,2.725095786847997,2.5161782871149585,1.3585184047770478,2.4319225446739408,0
1.0362410737893892,1.0428490851049572,2.3437878815498854,1.9513476484295489,2.0327969954115863,0
-1.6925964302803116,-2.824612250434761,-1.7233992344888194,-0.8045193491745211,-2.59662905861173,1
2.3301137904709437,-2.8140106692915556,1.63432291746948,-1.4957292519616159,2.521449399059529,2
4.526932425873621,1.4691312270796795,1.510560557481778,3.0441608770690722,2.6818914896263113,0
3.0287689914234805,-1.4983149548312118,2.248325142515882,-1.9218822647639837,2.400235855526775,2
-2.128659446352056,-0.5930652541082493,-2.4841184945848176,-1.0447307627927946,-2.038742894989543,1
-3.484439068193426,3.2782809474594865,-2.0608495200029275,1.8066590503203772,-1.1032026679667648,3
2.5764513451224227,-3.5085559682128564,2.184970575073156,-1.5472436479233056,3.707329809559223,2
-1.3364021314392374,2.2047978772819175,-1.590859077224006,3.4148406628255548,-2.8741992700141497,3
-1.3324519196300044,1.2859348820178211,-0.8215806824362799,1.7004849624525225,-3.235703022049409,3
1.3163657177136123,-2.2737292521667607,1.9857296470506114,-1.850402042481212,2.0978271747079225,2
-2.632880274884792,-1.8106716927076258,-1.702755726619876,-3.1892324650771293,-0.9460142288171238,1
1.8061738612271965,1.7354851586893894,-0.0038623644067534713,2.6354180302092263,0.7607416051465274,0
1.454813755273678,0.9272700924733299,1.0056449343691267,-2.9214510234289213,1.4346070297145985,2
-3.1241218588607733,2.1025414398175224,-3.6872790796411685,2.831211103199756,-1.1284440337118582,3
-2.541773236011602,3.67427076607113,-2.9009211185541526,0.9873144366315072,-3.7599588821492502,3
2.2573731064173495,-2.6308464029471885,2.43235271420034,-2.7171819007224713,-0.03235376429838466,2
-1.1189378126193346,2.540589541812241,-1.3809168306119899,1.6244910193605004,-2.6560972360056416,3
3.8167556295751046,-3.269291105243104,3.5361567728549455,-2.1113188487978007,2.299085734021106,2
2.8071225966373103,1.0264538002955312,2.4763577693562193,2.505470159166627,3.06020990749888,0
0.29833414171258377,-2.809724835767284,2.187800338042522,-2.7871740699869965,2.203359459998768,2
-1.854478802231759,-2.614122565008316,-1.85901730038794,-0.41137307195640416,-1.3045975254497013,1
3.5391972001749075,-2.928219967348018,3.243428278102925,-1.644661804409863,0.19073228541174192,2
2.6900736763366124,-0.9122895738421339,2.6916185751213884,-1.7268815657063559,1.0017877414885947,2
3.2460851924976293,-0.07339023240814946,1.6573124059196513,1.6285591340042085,0.5924883052821788,0
-1.8982116662926725,2.3063475339320227,-1.9073724120510764,3.2428625628583143,-1.8765708182963512,3
3.2334060763526695,-2.0076889957213693,1.6121242181375304,-0.693927796128371,1.50843806098107,2
-1.3539938128854485,-4.371659360858892,0.04206965292788034,-1.7047200593791316,-2.776499140493,1
2.047398671316414,1.1395866347160477,1.6154444557701746,3.0062928092144405,1.4231081304768511,0
-3.175594605624852,-2.895069842276605,-1.4027717817466152,-2.9483480042242007,-1.5367937079008769,1
-1.5314598384539309,3.7829056000651438,-2.2473403870251567,-0.37899604075322424,-1.3299503281844762,3
2.1396536895653506,-1.9266632552218632,2.968769895681353,-1.0328218775610505,2.493977382205645,2
1.978755220723758,-1.7064624700313595,2.2494176876850416,-2.326673247509044,2.1247520996639344,2
-2.315086731194109,-2.5717460419560614,-1.6673924896758026,-1.0668719276589307,-2.222720700776607,1
2.5228354880354997,1.426299996061421,1.975645407739017,4.142270358611864,3.727543170100711,0
-2.2880627983512785,2.4310229580108933,-2.1135625647904517,1.9441478173471891,-2.37738651746221,3
1.9420922501230913,-2.735116800724588,1.8140755190512292,-3.5993947621943114,4.277086498053304,2
-1.7682690579696074,1.0726269943040663,-0.7115663774966114,1.3657252831826863,-0.8711525124506105,3
1.9724850949493637,3.772251596669744,3.66125921454787,1.5429037434137283,1.3977879396382193,0
-2.8796436755512405,1.1796715388675327,-2.223025681266402,2.2820362104622207,-2.1528549918142255,3
-2.1220571321212773,-2.4578483861824894,-2.1593622321459067,-2.3705827624007827,-3.348047111940167,1
1.3645901197712629,-2.041292687007283,2.5560220968422906,-2.5912847888018944,0.1534269521955829,2
1.9024746162543766,-1.6721889264258767,2.9524781569528056,-2.81089393620025,2.366814043285442,2
-2.215960520350232,-1.062522507493075,-0.36493360547248055,-0.6883065507273389,-3.092141593428733,1
2.5225141052657576,2.4183982208886836,3.4015985929464296,2.650450092536139,0.496919698240182,0
2.954085102156628,-0.7815197851283135,4.2020139246596155,-2.3560920486190553,2.109571580077858,2
2.5142547560178348,2.572057441714144,1.937808983000689,3.1243533598705024,1.6659227690200595,0
4.04870825769885,-3.6254922701998327,1.4432212271566338,-1.9673611633091286,3.1373810976289143,2
-1.9070207534705903,-2.468496113360316,-2.7587652579353747,-0.6491476693009945,-2.653679140637419,1
2.54711911517521,0.8191871846911551,3.114321694668872,2.715381315441244,2.7181857257079347,0
-2.320783861851999,0.6379566291452425,-2.6838489004995765,1.9908409614653448,-1.9392146274986972,3
3.5334337012963255,0.5760428475498549,1.7333476707655853,1.5707555797013382,2.5885532697707196,0
-0.3358079452161007,1.523937442222133,-2.4906122340266528,1.7172406723706317,-3.1208969737681596,3
1.473468312903957,-2.523575988406583,1.2358132133621536,-1.1238260683069248,1.290568842671524,2
1.4025211419755967,-3.495541536498204,1.9877015506919424,-2.172845674814111,1.5642355030293809,2
0.1792397221979838,-2.7057734830953653,0.6080416190482687,-0.29589792194088216,1.8848903060767608,2
3.8467073257360336,2.5839281853259637,1.6407079092129404,2.5906548306923094,3.1087035805829077,0
-0.9705425184016427,-1.1276846199715496,-3.1430193120737284,-1.1798418132445154,-2.0646886050325186,1
2.0870164803923865,-3.036143571975197,2.8567374214704584,-1.6019517834907375,2.3945799854842194,2
1.4308518013274663,-2.7971135662249806,2.040924748728923,-1.5650589616321013,1.6060133187568795,2
2.384065448939307,1.9673052519059069,-0.0674421000398766,1.9108799604872115,0.6955304994951468,0
4.068226041505824,-3.397805478424297,3.2025765052252275,-1.8200856304535833,2.8378305352294806,2
-1.5664375398081207,3.762979652537399,-2.507716769149714,0.28482002929657946,-1.174076416969347,3
1.2696333682828633,2.216458589581975,2.045571839903814,1.3483996523941828,4.143944089325325,0
-0.9645565835830552,-2.8360621521000247,-0.5755041787530524,-2.091706024145126,-2.887769511538541,1
-1.7331816037045982,-2.339122279270039,-1.6299388847310445,-2.1237326800997565,-1.5421943900742152,1
-0.5814686548519634,-4.48780865653508,-0.7230346139118122,-1.6619765188982918,-3.2070216478572156,1
-3.031955242094435,-1.4045091023607426,-2.5898947564628907,-2.132169355644372,-1.9277210346157112,1
2.7589692204932676,1.2271747854624282,1.7631813932599911,1.5146364521708966,2.0818741393863225,0
-1.7887906007755432,1.6604698433340135,-1.0390678213917386,2.6469045232565658,-2.6844404020861825,3
2.117327383308782,3.277664895788425,1.4084286111641702,2.5470973811700377,1.7978073475661058,0
-1.909690200793565,3.1644117405352703,-1.0743232422861306,2.0343333885688355,-2.3624990028820685,3
1.0730695284219172,1.9404746439382,-1.2412673400690726,0.9756123586657102,1.7474318486068396,0
-1.4800978604712474,-0.13118215945614686,-1.580294391642734,-1.7234184944089512,-1.9914439191756501,1
0.7674596887797198,-2.684491730612797,2.4573242810867653,0.0982214745467469,1.8619176653385183,2
-2.825410529978955,0.9490944253087252,-0.7553204192632132,-3.3510743662080213,-3.32245795674357,1
3.1992995729215856,-2.0322768941026177,1.91291527385685,-0.12012545057899193,2.520756120358711,2
-2.987873340900749,-2.8468509661253645,-0.7503810947033334,-1.2206509960946677,-2.039019519377544,1
-2.2966074590697985,-1.758678065083219,-3.151014083619507,-1.61367668218844,-2.2044712209861217,1
-3.8179792253871545,-1.2402877045158316,-2.094458714442003,-1.5803900279758818,-2.863882960589766,1
-1.9126085710798784,1.9839459607514138,0.5835736601665671,0.669773744358662,-3.9899462698211248,3
2.6445954324151764,-2.38245239766929,0.024036700108380327,-2.570314067786466,0.8208917856371518,2
2.983852343606147,-1.8741134694233421,1.5234485767807586,-3.304589443800473,1.1064049862808796,2
2.818777643754861,3.5379319184125526,0.8774551937555861,1.0824971789857365,3.0176614668435024,0
-5.836655548459369,3.2368324661272663,-2.5403763389870546,1.1985160781689932,-2.398445274989367,3
-4.630730136829063,-1.6116242707698316,-2.0948242312808723,-2.514782674914742,-1.7564697958136555,1
1.885527628201137,-1.8522440925998715,1.2381753283411512,-1.7896328864591131,3.530334564354411,2
-3.4313548470544273,0.7144008859472277,-3.615846470966832,2.3726481864800553,-1.8335068728848756,3
2.7215625051261436,1.769133626155231,3.4532606633210343,0.6613942002767512,2.692918623031611,0
-1.2280798451633248,-1.5586928483007543,-2.7331561971099965,-1.7710036075406597,-3.857901451398287,1
-1.9875006780927498,0.8684030556667683,-3.6685992588781953,-0.9412714701161211,-2.1728017373964645,1
1.2326524371119505,2.872320636720678,2.1833420057383517,4.189802933217672,1.1917017146448485,0
0.24571514717750098,-1.9054724324115315,3.8060891178369616,0.6669052223200089,2.0971557870862476,2
0.09319793220994477,-3.5118834195632136,-0.840618956699478,-1.026898438984928,-2.7790927393767006,1
1.138690420302892,0.17856217399166185,2.1943334633382334,-2.1473402266215063,2.9639254230555707,2
-1.0717543086556756,-2.496531735481969,-3.153492425984784,-1.7321563621336666,-2.8235349706258495,1
-2.03228061104947,-1.3594570649252264,-1.876921798343819,-2.1131280525157403,-3.299216363445824,1
2.460824865403865,-0.951600112186459,1.918932894564583,-0.2554161299247515,2.8598335614674575,2
-3.3354815690998914,-1.5139637105823631,-3.5473039889383653,-0.9173089461129267,-2.4711246518178784,1
-1.8983699464665753,3.1672177333043727,-0.4115528237598882,1.3150128208562524,-1.1988182360118174,3
-2.833598282966406,1.3201114602638135,-2.795970373850498,2.1918895450216476,-2.1605596095017976,3
2.3080505395041024,1.608351432578209,2.269126941245107,1.6568077245025896,2.621571889856051,0
1.489983601145253,1.7301250647066286,1.0212362842176925,1.5557067399238884,2.377300493044852,0
-2.6973642279161707,3.138150330967618,-2.528916379104655,2.777596061792272,-3.4587583925306937,3
-3.2935076252040956,-2.695694877197064,-2.918126983416575,-0.7604159935584385,-2.39622967810176,1
2.442316868164485,-2.750729607005599,0.8480024524208569,-1.890917029650168,2.385970092568876,2
-1.9781111788351653,2.316952006984115,-1.1899727614938835,1.2751389161999478,-1.945948337153999,3
3.784775039185095,-1.986549635380707,1.7751469442051482,-2.9287920814524586,4.935657902327778,2
2.089580681255249,1.802661579692674,1.8487267163464882,1.805091719647319,3.1337700968670648,0
-1.0421603688917322,-2.7908817916945656,-1.9659919037718532,-3.3650217954266353,-1.2985052180752854,1
-1.8966180037879048,1.0135595009007534,-1.4831747341755492,4.156349631729299,-2.3806946237950926,3
-2.679905896746831,2.1849625873420866,0.40158366103035226,1.136810287833172,0.04013388599691892,3
-1.796056142484005,2.1929896417729293,-0.3235450380853373,0.4350261065582206,-2.6008871758538126,3
-4.2382312333249725,-4.120700152635067,-2.606865177857175,-1.5423134139464478,-4.747504842725235,1
-1.1372454080473133,1.1699295048707632,-2.2818448493970998,1.3631235257935668,-0.457452788625883,3
3.247742072673734,1.3265093757561315,2.278994162223802,1.1646529467402427,4.145149127773388,0
-2.0251886835294797,2.6276804178744744,-0.3353581780337249,2.263755584822576,-2.5587995720623407,3
-2.945746060696781,-1.3917538083150314,-3.317131919946585,-1.2239720861565246,-3.002217018926725,1
-1.6358597039453386,-1.992821533092058,-4.086477658371084,-1.83951037602652,0.21253103939724216,1
-1.748526391059488,-2.1942691319785195,-2.755791500158363,-0.9512928735834365,-0.34459288691170475,1
-1.6923873318108036,-2.524567013767051,-0.6477973211328556,-1.575933138481549,-1.9605529517592606,1
1.180742140278502,1.523779126455341,2.8743891807127273,2.262561329001925,2.1935899113675443,0
1.899845923520047,1.7963262498230341,1.122017413243439,1.1731196459601398,1.7735211080984732,0
3.665603213686527,-2.375500040075571,2.699464246895702,-3.8750073874719364,3.1799885296897865,2
1.8238875660401375,-1.91701258118749,1.8690741948738734,-0.8717602167311624,1.12415759350489,2
2.0970775493480405,2.9686449905328893,1.2979469061226476,1.6723378534022317,1.6078918468678425,0
0.8369573497153981,-2.413423770636441,2.0323962136835787,-0.5377453959652712,1.709546083772211,2
0.5490721088887758,-1.9244236273299622,3.048864141875362,-2.0292164058539854,2.775115121589086,2
2.104355937523213,1.1012159516768718,0.6696863742610102,1.8108796092229664,2.9216501119244596,0
1.9837768824040587,-0.8431662189630111,2.3973970234592343,-2.7474556539582125,1.7194979465883826,2
-2.1720413592654726,3.438169201145702,-1.8347599499350749,2.0125218643297864,-0.3627883552971467,3
-2.375983579351866,1.4389108690190027,-2.4894142344944203,-0.7452995536723845,-1.5949646141442873,3
-0.457193226230318,1.6642140610202503,-3.1546343387288442,0.9343173021804334,-3.6837325676140487,3
-3.0955193888455623,-2.88075408960273,-0.20127498164868807,-2.7352010347632465,-0.3437917479427044,1
-2.6902762332372046,1.8164596779835345,-2.1149509314918427,0.5177685763226914,-0.8483344169525244,3
1.4448907720716502,-1.9878303177170948,1.9071254986069472,-3.271548520892284,0.8469156682602177,2
-1.7672132570598365,-2.7567639770159262,-4.189921704978554,-0.8054077794862693,-1.0416141801579575,1
3.5499344050175394,1.2167467076637628,1.6779384837943243,2.81351721736967,0.7691356835660448,0
1.6793323744428084,3.795211355912322,2.230070759191402,2.497743089091394,2.6659242520544613,0
2.441940649569409,0.909600922557154,3.41093237974627,1.9014118677157383,2.0188496229448476,0
0.5777462904023258,1.3534271157574733,0.918451996385605,3.6871416350725648,2.8816397569494505,0
-1.0653452926633764,2.36992561300439,-3.117327008931235,1.9585088954226209,-1.0295115403866202,3
-0.5443995207427019,3.031653774575175,-3.4089191026905246,2.4448958950098842,-1.149280605539353,3
-3.1794596645077804,-0.5649126007777645,-2.347302288957843,-0.5467245239574554,-2.078230659058518,1
-1.6582460792864606,0.7016740603310974,-4.520847006572735,2.1488087616795903,-2.2139264663511655,3
2.415826629455343,-3.2168967103401673,3.3633765135383396,-2.6051562356059974,2.91041849968557,2
-2.2156676375476323,-2.8729610904537006,-1.118592471076429,-1.2788646374544184,-2.916274100563725,1
1.3248217250256185,1.855481329284482,1.2075800790000386,1.6920384703609597,0.10638533304621434,0
0.7243173400042684,-2.128546293251957,1.3483248778435843,-4.194382469820024,3.5994709401137897,2
1.3283766320619486,1.9744459290085548,3.1727290192593647,2.5436001545944324,1.629385667913894,0
1.2403269822474465,-1.3363536529671585,3.0595655726233972,-2.5552804969053295,3.038012527315962,2
2.3074066978091006,2.8157372125392968,2.8604734883597454,1.4169225614310617,1.8328782862135884,0
2.6817434088151417,-1.0374971141998983,0.7738206421873166,0.19664605497895415,2.767479344554131,2
1.998285846330936,-0.9104634169233594,4.3654077719999735,-3.4387201010568695,1.7747373575086465,2
3.448499229892926,1.6402313542109144,0.6739523139179617,1.586534838876724,2.260280506582886,0
-1.954039063951066,1.7574169637102062,-3.1992043250956432,2.447696266395012,-1.4555401304725377,3
-3.153332403205745,-3.6873443471107104,-3.7938924978678905,-3.3554475031122895,-2.7090209576304902,1
-3.4582131138187506,3.6301299648744103,-1.6296597326711542,1.4107462692049322,-3.2534017182950183,3
2.5193465142411724,3.5327389130025777,1.8912398515431423,2.4017117220989412,2.6901439917111123,0
0.4493365689338673,2.0685629748060275,0.9376962862738951,2.4735924306351817,1.0805757657661967,0
2.8250982646676346,1.1328697842890998,1.3418835109247433,1.6962739712233352,0.6541290765267851,0
1.4425082149921664,0.6301970204209222,1.9117179516487453,4.579709337654318,1.1963254320302692,0
2.2504928503458768,2.346448209496976,1.3199752784215093,2.2322536971610036,2.293072473298681,0
-2.386112776086142,3.0152208918143053,-1.8920160792747711,4.606859163149769,-1.806593632810283,3
2.6779258713392693,1.5120885918542974,4.1573082132655035,1.3942850769966615,2.742095372009307,0
-2.051954770900778,2.281348347489577,-2.3449831619570674,2.227028860388945,-2.5918760663430924,3
-1.5569978695526248,-1.0484502294259572,-3.0211624575603,-1.5265281009647715,-2.2676410908987936,1
-2.343191568686712,2.758981695460113,-1.5519216589871083,3.532380382587622,-1.5794632940959308,3
-2.4516594761596227,-1.8049750159718734,-2.75828206888759,-3.1306153349375263,-1.3772887760997314,1
1.8441018220633325,1.451712703509399,2.1600182258527876,2.501782736167545,3.117398815902461,0
-2.0892341542214488,-2.0375706449794815,-3.7312013034449256,-0.5050617725467641,-1.9586743677293816,1
-2.5552861026010363,2.427962626552635,-0.27692528235375025,3.639256516741752,-3.9227717720623363,3
2.8331577666294345,-2.630249295004436,2.8642483846986364,-4.707543855381177,1.280010466778061,2
-0.5461597628781152,1.520035357287791,-2.721569082340029,2.1388560324308803,-1.168501133068338,3
1.5742443953484095,-1.5495042762219653,1.7382417097789054,-1.4440585483541577,0.09505554598936117,2
-2.9289264824607306,1.4958713263483363,-2.0728576888410553,3.889278795503996,-1.7618286938603718,3
-0.8068870541489721,-0.9784846072181361,-1.0810851453416706,-2.459656772272997,-3.0798424477814867,1
-0.9270703854926534,1.1466005259608885,-1.0346733328388735,2.7043362098540786,-0.14795995518632998,3
-1.491391626766558,-2.4303093199546426,-3.484056664924335,-2.208468210540408,-0.7933918451360849,1
-4.2419159345089135,2.2054556870363027,-2.775606604602391,1.1996645938346964,-2.4989872559791118,3
2.438475738809727,2.01961665769399,2.67286123596682,2.5918141337413783,1.6459592890589763,0
3.0409541737977897,-3.265258409085215,2.480586758427713,-2.872988966889353,1.7930154109016312,2
2.287563905167328,-3.1640506324058255,1.6420095655866642,-2.859613513878454,1.1094311894089857,2
-1.759794156053777,-0.7468671752317566,-1.2100802778191477,-1.0304309742470932,-1.6731445993895626,1
1.0608444302293183,-2.384387376592921,1.794233006322828,-0.3943801674348819,-0.08074052539097831,2
-2.6373077470287947,-1.5416132964485159,-4.087027018602068,-2.5846177306571994,-2.031058932870902,1
2.638592458777374,0.3384799377310401,1.9339202013526835,0.7889838002375433,1.348163892197841,0
2.3885786045309643,4.492999517432791,1.9939290884601066,2.8384907744516417,2.081829358547565,0
-1.712727485972573,2.9437155057560442,-2.598279334197848,1.1312324554270903,-1.386539834328163,3
0.04266141086601016,-2.668143048327767,2.193379451924159,-3.34817704542749,2.0156822364716245,2
-1.667280670414812,0.6668519915227911,-2.2473359638964183,2.3332305349900215,-0.7008501794523325,3
2.330880232214457,2.8335289616089248,0.006264357428544587,2.374056569847572,3.2276689924732924,0
-2.815909535148553,0.846293676369636,-1.5033653850201047,2.6351000115979253,-1.5998303947995025,3
1.1813949733399214,-0.9078932160175739,1.452094695793065,-3.3358624041686133,2.7241365593144975,2
-2.9125881981776267,2.701389893809499,-1.1547267029579045,2.603781469552959,-0.4846819056761982,3
2.429618219132586,2.2076876871631113,2.2715788371953733,0.7232514241796906,0.9189434595917376,0
-4.191978656279881,0.5777654984931264,-1.318365776331611,2.014108356253125,-1.3944863488758348,3
-2.8065198324565612,3.677200509966096,-2.4351387479620343,0.6851213355955881,-1.7809284374623313,3
-2.150320460271872,-2.326696213186364,-3.0425776946705763,-3.17223375343664,-1.5356301364534257,1
2.289774856896413,4.075400798645439,2.8711247034316925,1.673976467832159,3.201213922163945,0
3.6367399618306395,-2.1833007095261974,1.980205655479292,-2.482313570936303,3.0989833574419645,2
2.8949105560268253,-3.6320148850264173,1.0950521670619338,-3.807041394931816,1.7251546993302078,2
2.820482181197364,2.507274031107298,3.0666746895891537,3.1692955904456728,3.382158991037527,0
-0.5847954732981766,3.8418156093866074,-2.145349422313885,2.3473974864347618,-2.9880028180029408,3
-3.2774366038453424,3.15658165159424,-0.7303867374001571,0.7548494240399144,-0.6423803669498607,3
-2.8819607642671743,0.5572852139972875,-1.5199363820958962,3.3831945153293432,-0.7336697320437113,3
-3.4152671919241877,-1.7814659575890543,-0.9905282114040312,-2.844941438593496,-3.4990159604584012,1
-0.7281004545760565,2.2779824402189224,-2.8474738905650647,2.0445521655711514,-3.366114080933685,3
2.7451508642848172,-1.8658335840041564,2.428342050660725,-2.7114621940837047,1.6155431210229083,2
-2.3927262384258174,1.6285379789123144,-3.7759822469618927,1.0190532729866306,-2.7708136306140894,3
-0.6277286833920086,2.1420444788305453,-2.6729053320094014,2.6628410930216324,-1.1068116527927483,3
2.7077519354554753,1.4375332241057324,2.632407739055521,2.9725544496267298,2.6218099622171964,0
-2.336386945411136,-1.0396952037185296,-1.537516375933146,-3.179369121632617,-1.8277456135889625,1
2.436323669674032,2.0380034781682004,2.1200313267182613,2.6135179727304165,0.9772074348015944,0
-3.5428032182428995,-2.1606311195254944,-2.484173951248737,-2.966246319753254,-2.1753784558986906,1
3.006730071227065,-3.571152351117883,3.081514086299741,-1.9624581585131786,3.0918053390746456,2
1.9877532271530853,1.1027456285141684,2.0758045581937266,1.3228382884878882,2.9751197334177513,0
-2.284875493369671,-2.25617975249538,-2.241497445870779,-2.061764199860129,-1.5205584819139362,1
-1.2180574645480817,1.934589766404606,-2.0135032445929766,0.893267012270549,-2.299693495932889,3
-1.842872081009059,-1.8238101774973077,-2.666848716951564,-1.8020833326579244,-2.607472287620307,1
-1.5299558126317978,-2.707625894822026,-2.7121738641760436,-2.1106653685573296,-2.8966422273152084,1
1.5419748169854435,-1.5246650745725088,0.9366455001696814,-0.9783752356000519,0.9440101880731566,2
-2.706892567987349,-1.144444340979288,-0.350519105676079,-0.9293894400208138,-2.7296024698074097,1
3.8197717873125976,-2.083089327743183,2.648881925903839,-2.584400976596031,4.452369912868724,2
1.3644589011844435,-1.7916774913744078,2.360368715904861,-2.91064508718249,3.2710653260070335,2
-1.7504518104019229,-3.1830561847343892,-2.2527632550961854,-0.970586899044674,-1.203298072929258,1
-2.2656045602861052,-2.3998782386683715,-2.1146408355063926,-1.7357317283543634,-2.1501169512538065,1
-1.1233941201578206,1.6882144267439751,-0.7476536377019918,3.1364555743248452,-1.8968820742827952,3
-1.1504154689533828,-0.21856996595109957,0.4187777793134635,3.495458245242957,-2.284625504253679,3
3.088748619704186,3.884586305934609,3.543243528272189,1.511150578213726,0.8803825667109888,0
-2.9478927172689864,-2.834323045491582,-1.2359702184271404,-3.542801515209646,-2.632755029885039,1
-2.515218393808243,-0.4698048011366487,-1.335072837698259,-2.9245641143781,-3.597599169595432,1
0.765488001577604,-3.0319662838471793,1.5597407956135996,-0.7119242751476225,2.014508999262654,2
1.36141417485497,-0.3466903628214695,2.6230873478890953,-1.7601422541507035,2.4863099933502215,2
-2.2995494111991923,2.002183590837036,-3.375085233167085,1.5374670336866212,-1.6123201209671536,3
-1.3704704157781893,-2.8043157596599926,-1.1046445692374003,-2.6315777291653313,-1.7468347619620188,1
-3.046921750106906,2.6779699708965286,-3.2847277664174674,1.6689756657919195,-1.5452956035832255,3
-0.7549589917767434,1.948490806246072,-1.6246403038555268,1.884811671223521,-3.1830855152497652,3
-2.1073786184100456,3.6056779580824543,-2.141662631872243,2.302322900348275,-0.6244030356957915,3
4.394361900582451,0.1850948950361122,1.3132846569967047,-0.3761150071888477,2.3831681897589005,2
3.807608507769263,-1.4938423445392877,0.9439692000333324,-2.2569451251217814,2.307832372513885,2
2.3649610024662255,4.403415585238275,1.9423812029664147,2.2010990467149676,3.0506543960076122,0
-0.10458279876533227,-1.8619215915824532,0.11387129604897384,-1.9469406870673809,2.8652897561352497,2
2.5462842480036993,2.0064222698109377,1.5636141094734315,1.8903901960741691,1.9116370407946648,0
-3.5365306903820386,1.715210590484605,-2.997264957968415,1.5361455704940543,-3.09818638377815,3
1.2074792615672993,1.885263558533101,2.5049872789804573,2.8657551941701214,0.7997035929442238,0
-1.1858482378817334,-1.5179332726646138,-1.6312668526824803,-1.6062027017837486,-3.92767257934561,1
3.892191760833068,-2.883719140691063,1.226970290397297,-2.8707277716437414,2.7245917787231226,2
1.3319095463569512,2.992042349536523,1.8250402433045914,1.2442548405071552,2.5365098435704034,0
0.2392372408441823,2.7533416211045325,2.3811583848827778,3.2897527540827456,2.6731813512699585,0
2.7453607240778757,-1.9064765035613902,1.8372962984309082,-2.871193030007631,2.0721532368217614,2
1.7120939231320798,-1.7549613356845941,1.7300481031748358,-3.5434509431857473,3.594177956204012,2
-0.8193590875478554,-2.627313445951303,-1.9547772910000174,-1.9488020981189147,-2.501784192811532,1
-1.0062177854695609,-0.6260856147885505,-2.852386766074104,-1.5246343893079897,-1.3675457833576992,1
-3.0240285908863793,-2.279810342377006,-2.9645377949101914,-1.4940344465441346,-2.728272202406613,1
-2.193609511035508,2.74458639847313,-1.3580528705562989,1.729732395636111,-1.7822817989128334,3
-2.132136588901547,-2.523731302771422,-3.3585740152574743,-3.079736321275848,-4.021798639961947,1
1.5919246269784486,-0.03812453517785386,0.9919136890825959,0.12920807897414432,1.6484865159586914,0
-1.1254829258674774,-2.649765226848267,-3.2032008553891442,-3.042044412243103,-2.4872029211949274,1
-0.18193807744217527,-1.2248445059652169,-1.4469599141476417,-1.765975545646852,-2.2485286180744493,1
1.9745058714148003,-2.2171588071368564,2.0583702908178956,-2.603858931236955,1.6567940731569624,2
-3.326262161949157,2.5574085568511857,-1.3677836859681496,2.6823387820596594,-1.0534229964266135,3
2.578928648571235,-1.539957676139534,3.5404412397766736,-0.744650219711525,1.3143250824098698,2
0.7522168180351505,3.6324113039316352,0.5698586220393673,1.5599555133030163,2.1307405772860912,0
2.6543656563540576,1.944415329089545,2.2799686263198202,0.8745109527016235,4.445751979616826,0
1.512874616235304,1.4076060757611308,1.1360092303201839,2.048521627944827,1.1690498835889622,0
2.2274599346041293,3.3071427542824283,0.39251676543877245,2.184633858532304,2.2598827942484236,0
1.5062434168386876,0.44341810134024895,1.5718848390340874,3.500759790634311,2.8502217421134928,0
1.7410612034216095,-2.1878594010087196,3.1188945979306695,-0.7255715733124186,1.8283263460752166,2
1.953079421120816,2.4770408272231217,2.076821891060255,0.7170077758114304,2.99626681944714,0
-3.2845842656999693,-1.0221844503137998,-4.105646941840325,-0.8464096566830746,-0.6136506027371567,1
0.4768130952162253,1.4410781527284118,2.377211875064521,3.56552402923434,1.9342497389270121,0
-1.6825467387498247,-2.332860404382511,-2.0933868588999482,-2.5293321124483708,-3.514470309180767,1
-2.6073544332122114,-2.0772210452230455,-1.574156341370171,-1.5817942441120278,-3.776011754048402,1
-0.1906936502668899,-2.2180458953923736,-2.847633928619085,-2.6520888885930605,-3.0896330373423884,1
1.8117975612271788,-2.1035868534057807,1.7861248324453611,-1.0296837982117186,2.4187599601274967,2
2.024431840178034,-1.6790024363139768,3.002236166702925,-0.43974447046906917,0.048397087117113324,2
-2.5314545513592153,-3.567859425365456,-1.6532900223950802,0.5115565515844236,-3.840077744505753,1
1.0342173671360406,-2.538573673296624,1.5332411880485595,-3.482984431982418,1.1823176033948664,2
-2.674934018790552,-2.4030759890650306,-0.008446697795265967,-2.832061304849857,-2.550115282936539,1
1.0283432654587141,0.6203818352110695,1.373282775410035,2.8623934723827587,2.953125045376087,0
-4.010216654566063,0.6760489157804372,-0.1923691943293142,3.6414286277223145,-1.9342113513510375,3
-2.475795444004901,-2.826111991714542,-2.687014099699497,-3.350555964342983,-2.0758714506850233,1
-3.3902219251534627,-1.8422385607062306,-3.097368318971067,-3.4769249275319014,-2.7393714074590365,1
2.9316659668680947,-1.6046263188143342,1.687322830346724,-2.795988910008754,1.7510263447193248,2
-0.08579243890500399,-1.0262737691476322,2.298797780321762,-2.77345584403343,3.898734981355239,2
-3.739425244232278,1.1997772646000961,-2.552692953783497,1.6183689045867886,-1.2598743358947557,3
-2.299696056664314,3.5758758095019694,-2.0477992503847897,1.273225862166157,-2.8776173568629053,3
1.9537387827336574,-1.88589850777348,2.0618833528871354,-2.927553330811728,1.8097591555867842,2
1.5710192826275802,-1.0352301056975544,3.299987372262134,-1.039694831913332,0.2058081334505637,2
2.509689231224656,-2.814398187446324,3.5008430302803784,-0.6471994651032749,1.5334259287972234,2
-2.752435237353035,-3.466785190615677,-2.5014021468856367,-1.0246875415220211,-1.4843719115560434,1
-2.224318970878105,-1.1404151276564438,-1.920198515941267,-0.8604444639745308,-2.3873619645528112,1
-3.912254975419777,-2.0686340460854686,-3.3683150388328107,-0.012724000769192001,-1.0886372778252782,1
-2.2430611988808664,-1.997712063856496,-0.9296348397700702,-0.7281075780613435,-2.1108125602790877,1
2.809112790731379,-2.8497209214776964,1.5170160739271592,-1.4693168769899523,1.336563842780512,2
1.315370174239996,2.7906255991627686,0.029896182288164486,2.8925973382993093,0.7888280707192188,0
0.7391160456649548,2.917861947054776,4.122156197012633,3.032465260551147,0.4806300340459866,0
-0.6857734242964209,2.7132662507965426,-3.025964817480778,2.607289015101693,-0.5321495550026902,3
-2.639193533750158,1.843723663294957,-1.313225929496645,1.3581785960556587,-2.5693514235811374,3
2.1335409047822824,1.847530163619456,2.7081086766885907,2.9567023167945843,1.2140105394920506,0
0.5846292579495858,1.579354677234641,1.6572854834732305,1.197722730778381,1.8387142883339909,0
-1.7905299163522275,-2.984534050481968,-2.0059547092127294,-1.215997220689252,-2.1882613350863065,1
-0.4055576082508032,-1.321053012237767,-2.81240234893742,-2.049029340838037,-2.1603600810448307,1
-2.766352609265016,1.9212115999197001,-2.6368452142703895,2.7410169513364493,-2.288150262422516,3
2.0599326302663283,2.277376937958192,3.3606585958386512,0.6911796008808879,-1.0195121558208253,0
0.858310885866495,1.806340540720282,1.2831776793971952,0.13346338292694004,1.9173193141573008,0
2.075673540613386,-2.43229517910733,3.2727147339712648,-3.169480629203017,1.2790298915301037,2
-3.114046450161993,-1.7413388521446118,-1.7872602241423396,-1.2171262650514274,-2.431125569575099,1
3.395683810789956,1.437831973421698,1.7907781262554723,0.31656180777904974,1.1941299335038114,0
-3.372859451481064,-1.6485200996477984,-3.9782252493748103,-1.9530650979396305,-0.10223298325402297,1
-3.1818741254208014,-1.5505260871676931,0.08604704953711373,-3.014759493185852,-2.3614627666939856,1
-2.381137696673419,2.603713240544196,-0.598499653447842,0.7911411353792781,-2.5659371308924053,3
-1.7216513653553305,-2.5092133625991346,-2.846359719886973,-2.58490765341777,-2.4787585715216887,1
4.439752406339273,3.384272818510518,2.56390912005236,2.594754341665286,2.853415558780308,0
-2.125746297495773,2.6712701367053535,-1.2539760470171837,1.3724599972559273,-4.053486548655888,3
0.9849058081721314,1.1891424887896618,0.7424221410853837,1.7659801408930187,2.4663583744463344,0
2.859587886979802,1.6128693502104854,1.9545887820677619,2.02538842054241,0.08032684380234367,0
-0.27430620718522936,2.121844464132454,-1.2465825265789072,2.099826315099768,-2.6673333812164803,3
-3.742221692635275,-2.546041798816721,-3.092121200348567,-1.864661652107709,-1.0055526244910926,1
1.0759371926589347,-3.2535060123717616,1.7850451619210488,-1.614250031818305,2.702659998499306,2
3.4533844771177007,3.5795721457307126,1.4771399728467318,1.5798131829041426,1.7182153911394928,0
2.4040508568145382,3.8861859012105304,2.174577812831839,2.2575503907227645,1.9255540842338328,0
-2.819386830498791,0.8110588819466513,-1.5582393503505205,2.17560354980437,-2.151951123471986,3
2.4360057752225797,-1.1561604903582627,2.392634115650968,-1.5464144764907815,0.41777683325352233,2
3.377180936504561,-0.9799634930979102,1.636868353182922,-1.1455979988792802,2.341215842492033,2
1.9846901508270045,2.5792914996010885,2.1195803684141534,1.0269310591184446,3.1965715016644913,0
2.3109075655980047,3.475356216949552,2.8576596232020193,1.840061470036573,1.9809837920973112,0
-2.082715023896493,-1.7569082723393012,-1.0486937557005165,-1.4731020763342064,-2.19087221955318,1
-2.850535278747044,0.48518991667889155,-1.7352246890220204,-0.7246092620009852,-2.1517144335772294,1
1.9547456980356634,-3.233101305014855,3.3909723580014006,-3.355970344859964,1.8042147290314188,2
-1.976895653999269,1.0220611644473614,-2.612422890900868,0.020981306510287734,0.026817116042392453,3
0.374455966437939,-4.506571570536717,2.2974620531178167,-1.8605022038525412,1.7151630622577987,2
1.6642153007098717,3.669021525289393,1.7404086486363952,0.4968570468818938,1.7542569359140556,0
2.7396754681178335,0.5719953174949688,-0.24943245420076376,-1.391264410875583,1.4428694274277687,2
-2.5208929039037633,1.1656263877048785,-2.2345790296191876,2.6882597107724138,-1.4522610212624394,3
-2.0349415004586326,1.0926734406277343,-1.441304717078181,1.5953614799590536,-3.224387273357954,3
2.1292211819752276,2.109394794604893,2.725766623898692,2.481009231736713,2.2238840242791316,0
2.9693693024080545,-2.631402555566558,2.0525263682153163,-2.7559507066919204,2.3604416762927727,2
-3.500221861446936,-2.7788370428204345,-0.6489271075868608,-1.1138088114152045,-2.062639577327235,1
-2.045512245301242,-2.4242363333980435,-2.5698329282387586,-1.670491264426991,-3.517173696671679,1
-2.360039268756983,-2.728077097855321,-1.6266514402886019,-1.6876217895334282,-0.8072648345835856,1
1.4827115498996277,3.40934744018558,4.29889812361925,1.6371614395603409,1.5544974785992283,0
0.15492867738314198,-2.3152966552861245,-2.941022700666379,-1.7539163846835912,-2.8022800271395436,1
-0.637437147287548,-0.3593854365117126,1.152056734512085,-3.1234940332395977,-1.757117986849725,1
-2.6143231440962946,-2.709788992233535,-1.0211104414432208,-3.3717431292635056,-0.39121914426562654,1
1.248030668261181,1.6809460643333818,1.203974143196511,3.076007138598598,2.0213116486719422,0
-4.014063274237763,1.1331154151165332,-2.0296887902859786,2.4872181946304273,-1.2326926373975131,3
3.3744380931708173,-0.1356742139786955,5.137748533659994,3.056056809066052,2.2232389141291597,0
2.538296079049633,3.072507337309802,1.6350472704571146,1.1607903326609936,0.9551908059789664,0
-1.0556147771646103,2.151657272145018,-3.0237559477078504,1.3664104845061873,-3.9062366200893806,3
-0.05878256353625089,-2.878323077179739,-2.3780078990182174,-1.7685540774744277,-1.3535104622742293,1
0.40529693273320455,2.5136001065697164,1.4672991603380887,0.830083164289712,-0.8722622132816493,0
2.358344511076003,-3.1965579286166865,0.5064902217468565,-4.123947582700665,2.7209969529056357,2
-0.205294372755906,-0.6102358660536444,0.6547903291913975,-3.0034389034995037,1.6686477009121508,2
-2.9587784561867747,-3.3525086894407226,-3.5835883897875798,-1.5870010878622025,-2.2140676977278613,1
2.1132704105377647,0.5617220216826333,2.9192289345752034,1.331855914461006,3.8732977762175453,0
-1.158016304547873,-2.369207200447446,-4.906988219321642,-2.374822056621806,-3.038543820843972,1
-2.0774434607259935,-3.1952937635992447,-0.5490724517207881,-0.19280335636211476,-3.6826586941226855,1
0.05297202450166294,-0.911230345783328,-2.376300724924996,-1.9811809502594016,-3.1716543473175616,1
3.639964529371393,2.7421274910718925,2.075433638901593,0.39803418810283153,1.7539375118700513,0
-3.161783843912364,-2.2831388967437674,-2.300859747140826,-3.209476935418805,-1.6110212706478162,1
1.6513478655921408,1.6507422956815712,1.6783649487826173,4.076747983560841,2.3819354522315535,0
-1.5327477848172102,1.455703853685708,-2.5044226832971694,0.4801072003810152,-1.0737425089156076,3
1.9114557854169874,-2.4538914161531284,2.8900577324754595,-2.6072614140860844,1.79979874569963,2
-3.194522939766035,-1.7141967132052671,-2.8451539584261587,-1.4466110169255733,-2.033925225927909,1
-2.2477524182397093,-0.6795859902161658,-2.8744356483399183,-1.372393702438169,-2.2795074632965333,1
-1.7587597515932707,-1.9154948543071375,-1.2020054503877637,-1.0764913839526313,-3.050623321827801,1
-1.131227499409229,-3.1863364271098544,-1.4121441118622649,-1.3802612152971312,-3.911316891662504,1
-0.07371414514460684,2.0812771675910686,-0.8211565559743563,1.564922758423684,-2.311675885765234,3
0.968974724852693,-1.1776495291042464,1.163019645560413,-1.4480357406681725,1.655901971737667,2
3.0306598082415594,-0.9052014977726748,1.1940082689405846,-2.5265551331367018,0.6776525653167045,2
-1.5247413952826885,3.17066162931766,-3.6552247121894332,2.584524051837435,-2.268139139241763,3
-2.404361992690023,-2.6862791357550844,-3.4326712897396527,-1.8541635297846162,-1.4147005634836618,1
-1.766134898990753,3.164990882563923,-1.374681665978497,1.8307255616673752,-0.6476374540738494,3
-2.460306762574363,3.0302496939695667,-2.3800368462893537,1.5952046205797068,-0.8671953028251929,3
1.697114756201007,-0.6539002054857423,1.8066957735520301,-0.528414917430106,1.9781432525578764,2
2.8872908372667423,1.2367138958214183,2.037937835447602,2.6833289928110693,1.7906861804206384,0
2.123479809164594,-2.124285777162436,1.788615770182031,-1.253388635397843,2.32557781678707,2
1.3713297529691397,-4.61813319869228,0.518419228448632,-3.339469774957756,2.135190340987386,2
2.7589285897867653,2.281191423969376,2.104201103951876,1.9374068721004776,1.2460354111333238,0
-1.6691486953844223,-0.5489985618686639,-1.1205829588625968,-3.0773760769847582,-0.6235035499804622,1
-2.2486158537666774,-1.3733863627369292,-1.9544361188581016,-1.3765928617200844,-1.2965598668611058,1
3.689188933651679,-0.3300772185953611,3.2239487531460047,-2.1976204677959656,1.6347590225101536,2
-1.6721204758406425,-1.9141069937066697,-4.219300372747535,-2.2297996305751937,-2.851406434260314,1
-1.7034244548592383,-1.5368152047324153,-1.8027077343687936,-1.688691326557115,-0.3000426254236195,1
-3.5958939685741136,-2.739028658023233,-1.3476696618233202,-0.5726946357107836,-2.4194347526585505,1
-1.6790699380743423,1.0121340898602282,-1.2769620604201362,2.085513329639599,-3.7157083186381294,3
-2.892773307276151,3.734041954422619,-1.6157907783505379,2.107760055452543,-2.249893735812046,3
-1.5776752025501253,0.8713654856207929,-2.070905362527369,1.664833026773615,-3.744532888606054,3
0.33059471887862824,2.543360192379935,1.3373762410541534,2.5705986685931594,1.2367408434574831,0
-2.5182526388612025,-0.6747239095629625,-1.172884571434232,-1.8420256877485484,-3.271919001112723,1
-4.914255989816941,-1.476776814262967,-3.220320689943976,-4.017338798122411,-4.832325924984141,1
2.9481429504720493,-2.305954431531592,0.7635217134076511,-0.7255597721510967,1.9046589088033175,2
2.0436024463724536,3.6950510404307533,1.377350638265548,2.1946074552372425,1.2575294143019518,0
-3.962625691672579,-1.6503499527003063,-3.5648027713620554,-1.9046558005586918,-2.2634482160822493,1
-1.4894646215487637,2.201738654796044,-1.4696308110012009,1.880441243373604,-2.0345642398438035,3
1.9094667176958393,2.3319803305690145,2.1904996797790663,2.7094518171390396,1.5645136294301567,0
3.1971680272478533,-2.807591340098296,1.776527494763061,-3.044836313903071,3.783922595201769,2
-1.6728294471222098,0.8788659872420779,-0.6198610611314852,4.037210639718358,-1.852923172554026,3
-2.861703070256258,-1.969968520835918,-4.15238354460918,-1.1235443544970645,-3.561493222441859,1
-3.141008509752738,-2.1115088271429436,-2.8049664808525607,-2.387699916408561,-2.4136156656296426,1
-1.1147436791340397,2.8790141545570074,-2.946490795988428,1.817839416142076,-1.7187883174159346,3
-0.5025683168203736,-0.14229765646226755,-2.1034312242902837,-3.2390527025266422,0.09584350180915902,1
-2.518637997484576,3.718363995763876,-2.18919018127508,1.913662141753273,-4.215822425020669,3
-2.445795313826817,1.4962776631705463,-1.4740627197453495,2.243890941620451,-3.1929733710191366,3
2.6353291952162063,-2.1176673021928534,1.5445329437502595,-1.755042906827996,2.474633485566792,2
3.9011906857530074,1.9393391861853793,1.2915932330895372,0.48628560738717286,0.19686032374405493,0
2.440474737960399,1.9803622010733188,2.5524899544171475,2.2239141340646613,3.364140429973844,0
-3.3467856621154346,3.8478669957021028,-0.8094703562823233,1.7993147816246702,-2.4046958568633263,3
-3.1119670257741636,-0.5358227612475626,-1.0031412265341921,-1.7193635955098636,-0.2413795158048666,1
1.1777796044335687,2.2436872114919124,2.2449665711087228,1.4930568246288702,1.5289616943816773,0
-3.3200771877373016,1.7612473979365657,-0.7144177656383206,1.942938708568844,-1.8584042132601173,3
-1.7209161416548149,-1.7084363233180273,-3.690671627606452,-2.9784995458666064,0.7552177437199017,1
1.898005283364068,-2.8424326301263263,2.750872779401332,-1.345568972894379,2.972056965739722,2
2.197910783462648,1.3485819963855517,1.5161141659456785,1.6796526918056798,2.4241659464019163,0
2.437126779731052,-1.907944862688008,2.476240353387666,0.5299277492519523,1.006406996068552,2
-1.4859374475752243,-2.461169732034619,-1.24343532508686,-3.3944950688592614,-0.9461084477041168,1
-3.399228259224631,-0.15291351575751566,-2.0307865024134153,1.4380698861420735,-3.428904606511727,3
1.8714624885610693,0.1181509545023609,1.4512750922590385,2.0928449011411145,2.1598563919974003,0
2.2800453426974046,-4.674567128154141,0.249024425594772,-2.1774918837742834,2.0824417666348425,2
-2.1167659157952468,-2.6355578414044034,-0.2611486481466687,-2.3212427661179116,-0.16744295652079821,1
-2.9938626748348534,-1.5798084571050084,-2.856498237409199,-1.9023296232516647,-3.2644984069549654,1
1.2540578735243986,-2.6615414425152917,2.7534194635024307,-2.6145387836910947,1.1436514817187962,2
-2.5505519317084877,-1.6836416784638553,-2.8852486861242226,-1.8189372572289177,-0.6967219626839363,1
0.678444213488949,-1.9789072521494127,0.8689327644974123,-2.0672774649135346,0.9253389605671369,2
2.9980101098596523,-0.8962553781936893,4.088374704780728,1.8604103718448262,3.1081828167375165,0
2.9653974845911706,3.2361307218062176,2.0886575909614375,2.1973157074055956,1.3823481045656498,0
1.7426234625766548,0.33141592612241055,2.3992231226052794,2.647195939702741,1.516813537700626,0
2.3934853854217497,2.8951932200277324,2.6351718016819694,3.049552715319335,1.4647647884394321,0
-3.1869933883057446,-0.9421858191792039,-2.589112132781127,-2.935596298762426,-2.177917875804398,1
0.3255305395467547,-2.1090234199634637,2.0343753090264602,-1.8394105668282403,3.362132403685079,2
0.43185568657994944,-1.5427869363074862,1.606617702255343,-2.7624179506029143,1.2396363587838695,2
-2.1369895776939423,0.8580581808386885,-1.9400947432035616,0.3748787411174752,-1.9170881468279601,3
-2.9096834169818337,-2.936506374789596,-2.6677795564688864,-1.7078072716736268,-2.1873290184063747,1
-2.066112393952007,0.290773600797404,-1.6083019839895272,1.910796702308332,-0.38970701951712905,3
-1.8444883962364391,0.7371352462718221,-3.2295262512173863,2.107229288419153,-2.4998710345050323,3
-2.548268794925077,-1.1666660882196929,-3.1048627930625203,-1.7794585729861332,-0.7820408476944416,1
-1.5919471531632443,-1.4492024277263367,-1.5552261921684052,-2.825653682802142,-1.850636517728811,1
-2.1581538443723205,1.2430929695947333,0.3079162506161106,-2.181449069247517,-2.106337002531315,1
-1.9617620050399716,-3.448591414633544,-2.299676648006787,-2.0502046170417447,0.620793091029975,1
1.6654987641590515,1.525054688839044,1.346670767426288,3.765454240281097,2.4049817109609557,0
1.4612391626539043,-2.2549469704035894,2.2561706056942783,-0.8066889940728741,1.2282591854032177,2
2.201652905129255,-3.0299722747769358,2.046079221633151,-3.0736886589177526,2.0810825429008237,2
2.827236107657423,-0.8401600336116557,1.4940338010121446,-3.0258681059694763,2.062331349619123,2
0.5862855030950198,1.8887739386512996,1.0960923585352103,1.2644700574102334,3.2360931752104376,0
1.5987795281141637,2.2240924818104166,2.012592400781795,2.0976760985488316,1.2269902161445336,0
1.2221833124091246,0.8894241545341712,3.7522704434236225,2.935678393147461,3.2715550949941585,0
-2.4466430468146063,2.6122698101053925,-3.5594357791262254,0.9222792542083984,-1.6568414458025833,3
2.0245101742589426,2.49799829124545,3.451143607795042,2.959270826085207,4.153182457511557,0
-0.9284568477651143,-1.8093644087349756,-1.0586894192325167,-3.0325239035275393,-1.602072950053191,1
-0.31668542407247036,2.3927683630511245,-3.087748675353668,1.876107636764799,-3.1185234842116323,3
-1.3284688282709465,-0.47196864061216726,-1.1124960325859408,-1.2391533456885222,-1.9399140053848365,1
0.9339678283723194,-2.0515422086076516,3.9120054690526977,-0.8359398474140625,3.349179048888705,2
1.9192834198914177,2.0786351903160907,0.0017993154678923595,2.9163276747024813,2.346488475897993,0
-3.097302527632844,-2.588866826738696,-2.8372624310497003,-2.6078752606758178,-2.5391227031489785,1
-0.15139116670358854,-2.1755639454992153,-1.3313451952420934,-1.9019324604610555,-0.7041282181369857,1
-1.26536245454067,-2.9858038086678267,-2.2841550979287972,-0.8052371381230623,-1.1053528124261276,1
-1.2500997605762896,-1.720732161783474,-2.950910729687232,-1.6814789952011255,-2.9916966634403104,1
-2.3056106141538035,-1.269041023623784,-2.6506598273683837,-4.090302898853157,-2.1702582467959055,1
1.0206997697173645,-1.8366396450841995,3.3140749815246044,-2.948748695268,3.0612562585121177,2
-2.7188323876087304,-1.2549946871227189,-2.1946972961166815,-2.064188177108498,-1.9082475155516272,1
2.964087168288357,3.1894704889246404,0.7723921848630075,2.597400069849858,2.701172742310898,0
2.4127809269364984,2.82206015999449,3.896792982653947,1.7546118839971294,1.2462638356425104,0
-3.876552706041874,-1.3802885540338639,-2.6353623888256292,-3.1896666590903613,-2.6243453897132243,1
1.6208722590125129,1.7964196398976382,1.4183190860513561,0.9852432693071331,1.350722454933993,0
-3.793106452534577,-2.3828171896129686,-2.123728946274836,-2.397679693614604,-3.1840305582225596,1
-3.3661983376689175,0.9185866192607128,-1.6641527352799308,2.516396667786579,-3.245051223503995,3
0.7257678809232049,-0.9515173489494075,2.4877748210843382,-2.734233321971038,1.8584703626621526,2
-3.3772954892721,1.6566648241475508,-0.8577926071144422,3.1572445477310254,-2.1714956003882393,3
-2.409340575218624,0.9438884308129134,-3.8802884105687845,0.974780914262567,-1.8850582282408683,3
4.006092888159123,4.061503576636397,3.2083662305931426,3.0240625258114626,2.592526949201183,0
2.404823408808268,-2.0350964667845943,1.146067091539944,-0.7095392586236502,2.0551992425300893,2
2.037574859335866,-2.3146908287880925,2.1293680067038183,-4.380739105523498,0.17031818479191707,2
-3.2582646293672877,2.6365532068732644,0.32260922526276614,3.061816645989732,-0.5859708644380126,3
-3.7555055887046276,2.453905229441347,-2.88571379979969,1.3751653815655176,-3.1012864898398282,3
-1.9403081194202638,2.1061829194402164,-2.637808692859936,1.9421633876224063,-0.8722119728883542,3
1.8551214380521133,-1.9569591291496125,3.0228414715507643,-2.1904461859292166,1.4259174229127303,2
2.7833587105240314,-3.4704895512312506,0.7372302243014359,-2.775874823166484,2.0789640456680845,2
-2.367074646018183,1.1034144593528086,-1.426552506644601,3.491673858801808,-1.2751706265141682,3
-0.6551459688193055,1.267073961891465,-2.7402322525487084,4.12099356584511,-1.0221524353456686,3
3.7649138055507714,0.7922088679099613,2.091168146666439,-1.2117958592028133,0.2193743270925108,2
2.10537550614596,0.6659745050817956,1.3986323560487863,2.319781934142537,0.4070062664683307,0
-1.6676231664803902,1.6235774454118048,-1.6839321302700487,2.583883022284001,-0.7158953048211025,3
-0.8107735387442148,2.667245147429242,-2.02821787893723,3.364326244170867,-1.337463966601387,3
-1.3945954952372532,2.4726397629900116,-1.4691984163272704,0.9268097259329506,-1.884403261320092,3
-2.535335087016223,-1.6415463817903797,-2.7309562757154735,-1.2420781500763804,-1.314492261209796,1
2.8004095252276824,2.754291329813574,3.188913371474643,2.708303847201064,2.351448207541583,0
-2.8484286341908147,-1.4268721867588,-3.785866491934111,-2.3596296724524626,-1.698892660808258,1
1.813128355838641,1.560268941725825,3.446977884353733,2.1965547765115745,3.0318445394686346,0
-3.9255673603328773,3.493709759005534,-1.3889290948894293,1.2335335689802123,-2.9331190886861416,3
-1.009289153375915,1.8789789689904357,-1.2728287404660508,1.5962965660020931,-1.170850964940458,3
-1.3571445060370524,0.6487095973015655,-2.3001287868282,0.9956621737060936,-1.873175314865038,3
1.07411009610885,-2.1136666890814353,1.8563404701028818,-2.1650805650030462,2.031759456581451,2
-1.2210163559857135,-1.6044011652370576,2.0342718142002223,-3.68087045923812,2.3097267791360023,2
-0.3849055089505824,-1.6538826712022772,2.4920142805668988,0.06422013485241074,2.15809487586681,2
1.203104744529523,2.57707212718054,1.7969546139570074,2.371145873371309,1.3960148132841794,0
-2.3256110521485036,-2.1643352058853913,-1.7879066469258247,-2.9933586995819508,-3.0158788269899786,1
-1.140369213145154,1.0179805027890954,-2.6867323955673514,2.3849664160476345,-1.20143332688941,3
0.0024274676447970656,1.6924285828842007,-1.6397739629225714,2.541321294008278,-3.0006293724832407,3
-1.3316595112819192,-2.734173798778496,-1.9180044435864396,-1.5427195953847588,-0.5441776778532335,1
-0.33706855281016246,1.8399255133916952,-2.243410302567908,2.056510648465556,-2.1249215953235656,3
-2.1471927507680113,1.8009374462401302,-1.815172966378346,2.3327604786370104,-1.44017155117194,3
0.2739893813332335,-2.2703666967611698,1.972615679596256,-0.04689280172742594,2.6869566320986773,2
-1.0588181335800302,-1.808102264126964,-0.051657355210186884,-0.9748908474182265,-2.6538983883255765,1
3.8043481097867433,1.8090962082727013,2.719757942148182,0.7067270421288363,1.0435636231819911,0
2.1035381539491755,-0.568847882238259,1.7399637498195553,-2.880011981690764,2.26918092025516,2
-2.20252422706483,-2.528297046662979,-0.963912348953744,-3.422974925261673,-2.9701242603796434,1
0.34514332813423065,2.8231705839619146,2.073317967188404,0.7100391002589461,0.7049212279363839,0
-1.2428231788979773,2.4170953244232463,-2.9846336870179555,2.571141242038074,-2.7234866224198,3
-0.3042771221891347,-0.10271130522688843,-1.8433062717534754,-0.9764693558146553,-1.8247132210660761,1
3.290758424122428,0.5879089735306846,0.8002747349097865,-1.3010803149192112,1.590198756206467,2
-0.5760461544588331,3.4137696482912587,-2.0291726992265606,2.1393196307295597,-0.8890888552655669,3
-1.6219537395721169,4.45987198502938,-1.218502760539368,1.1357147380594643,-0.864379414508524,3
-0.7047929273303559,1.837937897963176,-0.8048225884885836,1.5197855658676005,-1.731149213599008,3
